,Compound,Date,Negative,Neutral,News Source,Positive,Tweet Text,Tweets ago
0,0.0,Tue Mar 20 19:48:04 +0000 2018,0.0,1.0,BBC,0.0,"This #WorldFrogDay, why not try making an origami jumping frog with @BBCTaster's step-by-step tutorial? üê∏‚Ä¶ https://t.co/jjMqUND883",0
1,0.0,Tue Mar 20 19:03:04 +0000 2018,0.0,1.0,BBC,0.0,"Michael Portillo travels across India guided by Bradshaw's 1913 Handbook of Indian, Foreign and Colonial Travel. üáÆüá≥‚Ä¶ https://t.co/4WG0esDk8m",1
2,-0.3859,Tue Mar 20 18:33:01 +0000 2018,0.16,0.768,BBC,0.071,"Can you watch this without laughing? üòπüîä You'll want your sound on for this! #InternationalDayOfHappiness

https://t.co/vA5yr0PCC5",2
3,0.34,Tue Mar 20 17:33:03 +0000 2018,0.102,0.738,BBC,0.16,"Professor Stephen Hawking's funeral will take place in Cambridge - ""the city that he loved so much and which loved‚Ä¶ https://t.co/LHh0Nfeh6U",3
4,0.0,Tue Mar 20 17:03:01 +0000 2018,0.0,1.0,BBC,0.0,"Un-bee-lievable! üêùüòç Meet the woman who kept a bee as a pet. 
https://t.co/5zRxWpSGOH",4
5,0.0,Tue Mar 20 16:05:04 +0000 2018,0.0,1.0,BBC,0.0,"Arise, Sir Ringo! üéñüé∂@thebeatles drummer @ringostarrmusic has been knighted for his services to music.‚Ä¶ https://t.co/OQLixgO2Zi",5
6,0.0,Tue Mar 20 15:33:03 +0000 2018,0.0,1.0,BBC,0.0,The first polar bear cub to be born in the UK for 25 years has emerged from his den at Scotland's Highland Wildlife‚Ä¶ https://t.co/WZLoy2mz7y,6
7,0.4084,Tue Mar 20 15:03:02 +0000 2018,0.0,0.868,BBC,0.132,"'Everybody has a voice'. ‚ù§Ô∏èÔ∏èüé∂

Rugby legends JPR Williams and JJ Williams visit @FMNChorus and the BBC National Cho‚Ä¶ https://t.co/myuIpumZnL",7
8,0.6369,Tue Mar 20 14:24:06 +0000 2018,0.0,0.741,BBC,0.259,üì∏The best pictures from the 2018 Paralympic Winter Games in Pyeongchang: https://t.co/w8dYDPHkAw https://t.co/0SVnupv9rB,8
9,0.0,Tue Mar 20 14:03:04 +0000 2018,0.0,1.0,BBC,0.0,Prince Harry and Meghan Markle have chosen an organic lemon and elderflower cake for their wedding in May. üç∞üçãüíç‚Ä¶ https://t.co/H7dWlxmYcR,9
10,0.2235,Tue Mar 20 13:16:25 +0000 2018,0.0,0.881,BBC,0.119,"RT @BBCWalesNews: üéüüéûüçøCinema makes maths class an offer they can't refuse
Full story: https://t.co/Uwg6NTRFVF https://t.co/hr4dglHIu3",10
11,-0.4023,Tue Mar 20 13:02:01 +0000 2018,0.162,0.838,BBC,0.0,"People always have an opinion. üôÑüòÇ Here's why @AlanCarr doesn't trust TripAdvisor reviews. #LiveAtTheApollo 

https://t.co/PvF6K9hYMI",11
12,0.6114,Tue Mar 20 11:03:23 +0000 2018,0.0,0.818,BBC,0.182,"From a spot of spring cleaning to rolling cheese down a hill... üï∏üßÄüå±

Here are nine ways to celebrate spring!‚Ä¶ https://t.co/ujBmBsHast",12
13,-0.6369,Tue Mar 20 10:30:04 +0000 2018,0.271,0.636,BBC,0.093,"Sudan, the world's last surviving male northern white rhino has died after months of ill health. üíîü¶è‚Ä¶ https://t.co/BnYne3cI2L",13
14,0.3642,Tue Mar 20 10:04:02 +0000 2018,0.0,0.827,BBC,0.173,"This #InternationalDayOfHappiness, let's all try to be a little more like @chessmartinez. üòäüëè#LiveAtTheApollo 

https://t.co/VddL8zWJfS",14
15,0.0,Tue Mar 20 09:49:33 +0000 2018,0.0,1.0,BBC,0.0,"RT @BBCOne: They've finally quacked the case.

https://t.co/eq4dLcauhe",15
16,-0.3182,Tue Mar 20 09:49:23 +0000 2018,0.19,0.683,BBC,0.127,"RT @BBCEarth: Sudan‚Äôs death leaves just two females of the subspecies alive in the world 
https://t.co/kCpRCxFaFY",16
17,0.25,Tue Mar 20 09:49:10 +0000 2018,0.087,0.78,BBC,0.133,RT @bbcthree: RuPaul is the first drag queen to get a Hollywood star. Sissy that Walk of Fame.  https://t.co/SmqOPQizh3 https://t.co/hWb1Xm‚Ä¶,17
18,0.0,Tue Mar 20 09:49:02 +0000 2018,0.0,1.0,BBC,0.0,"RT @BBCBreakfast: ‚ùÑÔ∏è‚ùÑÔ∏èBBRRR....Could it be the coldest day yet for the Spring Equinox?
Let us know what temp it is where you are today.  #S‚Ä¶",18
19,0.4939,Tue Mar 20 09:32:02 +0000 2018,0.0,0.814,BBC,0.186,"Meet Bumblebee and Gnat, two adorable badger cubs being raised at an animal sanctuary. üòç
https://t.co/Ihami0VtL0",19
20,0.0,Tue Mar 20 09:03:04 +0000 2018,0.0,1.0,BBC,0.0,Spring is here! But what is the #SpringEquinox? üå∫üåªüå∏üå±https://t.co/RiWP3PC7Yo https://t.co/FIKocYFP6C,20
21,0.0,Tue Mar 20 08:25:06 +0000 2018,0.0,1.0,BBC,0.0,Five times Beyonce and Jay-Z‚Äôs daughter Blue Ivy outshone her parents. ‚≠êÔ∏è https://t.co/JaNAzsofOm https://t.co/DnoyApY0yL,21
22,0.0,Tue Mar 20 08:03:03 +0000 2018,0.0,1.0,BBC,0.0,Traditional Highland Games sports such as tossing the caber and tug-of-war are to be taught in PE lessons. üèÜ‚Ä¶ https://t.co/jv5wlpmlyT,22
23,-0.3818,Mon Mar 19 19:33:04 +0000 2018,0.11,0.89,BBC,0.0,"Follow the dramatic and deadly series of events that took place at two funerals in Belfast in March 1988. 

The Fun‚Ä¶ https://t.co/y3MZaR8hsi",23
24,0.1531,Mon Mar 19 18:33:05 +0000 2018,0.116,0.709,BBC,0.175,"Leonardo DiCaprio stars in the true story of a con man who cashed fake cheques worth millions. 

Catch Me If You Ca‚Ä¶ https://t.co/HWShPj9ngi",24
25,-0.1027,Mon Mar 19 18:03:01 +0000 2018,0.08,0.92,BBC,0.0,"üòÇüì∏ @AlanCarr learned the hard way that you only get one shot at a school photo. #LiveAtTheApollo 

https://t.co/fv5JmcRgz4",25
26,0.0,Mon Mar 19 17:30:08 +0000 2018,0.0,1.0,BBC,0.0,üé§Pop band @FifthHarmony have announced they're taking a break to pursue solo careers üé∂https://t.co/tLOR7h1gZy https://t.co/5c77Cfjfp6,26
27,-0.7096,Mon Mar 19 17:00:05 +0000 2018,0.414,0.442,BBC,0.144,"Murder. Innocence. Lies. 

@AgathaChristie classic, #OrdealByInnocence, comes to @BBCOne soon.
https://t.co/qfJThHowXC",27
28,0.0,Mon Mar 19 16:33:29 +0000 2018,0.0,1.0,BBC,0.0,Here are the latest snow scenes from around the UK. ‚ùÑÔ∏èüì∏ https://t.co/eTBGkQ4MPU https://t.co/txRHxkOn5C,28
29,0.0,Mon Mar 19 15:02:02 +0000 2018,0.0,1.0,BBC,0.0,'Flabbergasted'. üé∂This is the incredible moment when eight London teenagers heard a live opera singer for the first‚Ä¶ https://t.co/jNki4Z61SE,29
30,0.0,Mon Mar 19 14:30:08 +0000 2018,0.0,1.0,BBC,0.0,"Meet the dancing slum kids tipped for stardom by Rihanna üé∂
https://t.co/R61fzQGIzd https://t.co/wGcvBKmdaZ",30
31,0.6588,Mon Mar 19 13:44:55 +0000 2018,0.0,0.788,BBC,0.212,"RT @bbcgetinspired: The Nation's Billion Steps Challenge is here! üôå 

Yesterday we did an amazing 431 million steps ‚Äì can we do even better‚Ä¶",31
32,-0.3412,Mon Mar 19 13:03:04 +0000 2018,0.112,0.888,BBC,0.0,"üí≠ ""There's always that voice in the back of your head that says you're not good enough"". 

 üí™ @CarrieHFletcher on b‚Ä¶ https://t.co/0AsBxFFiQA",32
33,0.0,Mon Mar 19 12:55:17 +0000 2018,0.0,1.0,BBC,0.0,RT @BBCRadioScot: This must have been some buzz! üêùüêùüêù https://t.co/0gqtbQBN1i,33
34,0.0,Mon Mar 19 12:30:05 +0000 2018,0.0,1.0,BBC,0.0,Where are the UK's youngest and oldest city populations? https://t.co/eIU7UzqHBS https://t.co/vdXMTDluuX,34
35,-0.0516,Mon Mar 19 11:50:58 +0000 2018,0.107,0.893,BBC,0.0,RT @BBCSport: This 102-shot badminton rally will leave you exhausted... https://t.co/LFC4r4iwiz,35
36,0.4588,Mon Mar 19 11:33:04 +0000 2018,0.0,0.857,BBC,0.143,"Have you got a passion for plants? üåøüå∏üå±üçÉüå∑

Test your knowledge of all things foliage in this quiz. üëâ‚Ä¶ https://t.co/evogV5ljAc",36
37,0.0,Mon Mar 19 10:53:19 +0000 2018,0.0,1.0,BBC,0.0,"RT @BBCSport: üéâ The Commonwealth Games are almost upon us! üéâ

Scotland's Lynsey Sharp has given us the inside track on preparing for succes‚Ä¶",37
38,0.5106,Mon Mar 19 10:33:03 +0000 2018,0.0,0.837,BBC,0.163,The oldest dog that the Dogs Trust has ever looked after has been given a new home. ‚ù§Ô∏èÔ∏èüê∂https://t.co/h0WQHkfMEf https://t.co/ixb7gesOIj,38
39,-0.3818,Mon Mar 19 09:58:24 +0000 2018,0.191,0.809,BBC,0.0,"RT @BBCR1: Desperately searching for any signs of spring like... üå∏

#MondayMotivation https://t.co/9jo3h4C7bu",39
40,0.4199,Mon Mar 19 09:58:15 +0000 2018,0.0,0.843,BBC,0.157,"RT @BBCRadioWales: ‚ùÑÔ∏è Snowy Cardiff! ‚õÑÔ∏è 

What‚Äôs it like for you?

#ButePark 
#Cardiff 
#MiniBeast
#Snow https://t.co/O8gY1qjHVE",40
41,0.0,Mon Mar 19 09:58:10 +0000 2018,0.0,1.0,BBC,0.0,"RT @BBCNews: Stem cell transplant ""game changer"" for MS patients https://t.co/BGWtdtXUAP",41
42,0.128,Mon Mar 19 09:57:58 +0000 2018,0.079,0.789,BBC,0.133,RT @BBCBreakfast: Anyone want to play a game of spot Tracey's feet? Our floor manager Tracey had to dive behind the sofa to avoid being on‚Ä¶,42
43,0.3642,Mon Mar 19 09:32:02 +0000 2018,0.0,0.848,BBC,0.152,"'Who wants a normal life?' We should all be a little more like @chessmartinez. üëèüíñ #LiveAtTheApollo

https://t.co/VddL8zWJfS",43
44,0.0,Mon Mar 19 09:27:50 +0000 2018,0.0,1.0,BBC,0.0,"RT @BBCWthrWatchers: Some incredible photos sent in last night of the #Auroraborealis from Skye Woody, Cumbrian stargazer and DJStewie.  Di‚Ä¶",44
45,0.5994,Mon Mar 19 08:45:02 +0000 2018,0.0,0.738,BBC,0.262,Beautiful spring blossom in south-west China has been captured by drone https://t.co/WTo7JjiKXw,45
46,-0.296,Mon Mar 19 08:02:00 +0000 2018,0.109,0.891,BBC,0.0,"ü§î Should we still be worried about the hole in the ozone layer?

üå§ @SimonOKing and @clarenasir investigate in their‚Ä¶ https://t.co/SZV3Df9y0t",46
47,0.0,Sun Mar 18 20:30:11 +0000 2018,0.0,1.0,BBC,0.0,"üèÉüí™ @LesDennis, @SimplySusannah, @Tameka_Empson and Miles Jupp embark on a muscle-grinding mission to regain their f‚Ä¶ https://t.co/B1rXaalmk2",47
48,0.0258,Sun Mar 18 20:03:04 +0000 2018,0.086,0.824,BBC,0.09,üëéüíå Fans of K-Pop boyband member @IBGDRGN have been asked to stop sending fan mail to the army base where he's doing‚Ä¶ https://t.co/ojtDZ3gMfb,48
49,0.5994,Sun Mar 18 19:33:04 +0000 2018,0.0,0.803,BBC,0.197,"Saoirse Ronan stars as Eilis, a young girl who jumps at the chance of a better life when she emigrates to New York.‚Ä¶ https://t.co/NtHAfh6cjZ",49
50,-0.5994,Sun Mar 18 18:44:02 +0000 2018,0.163,0.837,BBC,0.0,"Ruth Ellis was only 28 when she became the last woman hanged to death in the UK. 

#TheRuthEllisFiles | Watch on‚Ä¶ https://t.co/5kUIFtom7t",50
51,0.204,Sun Mar 18 18:34:14 +0000 2018,0.077,0.772,BBC,0.151,"RT @BBC_TopGear: 840bhp goes a little like this‚Ä¶

@Matt_LeBlanc takes the Dodge Challenger SRT #Demon to the drag strip in this Sunday‚Äôs @T‚Ä¶",51
52,0.7331,Sun Mar 18 17:18:12 +0000 2018,0.0,0.66,BBC,0.34,"RT @bbcthree: Be honest, do you think you'll be this fit at 81? https://t.co/Eca0uGCF6b",52
53,0.0,Sun Mar 18 17:04:03 +0000 2018,0.0,1.0,BBC,0.0,"üçéüóë How much food do you throw away? If you're a typical Brit, you probably think it's hardly any.

You're in denial‚Ä¶ https://t.co/0bSCbRrZJr",53
54,0.0,Sun Mar 18 16:33:17 +0000 2018,0.0,1.0,BBC,0.0,"‚ù§Ô∏èÔ∏èüì∏Zun Lee wants his photography to give a balanced and nuanced portrayal of black fatherhood.

üëâ‚Ä¶ https://t.co/LodRrr27fd",54
55,0.0,Sun Mar 18 15:41:04 +0000 2018,0.0,1.0,BBC,0.0,"ü§∞ A doctor explains why you can get pregnant and give birth without having a baby bump. 
üëâ https://t.co/nVrSpQoTOT https://t.co/iEEOjZdBKL",55
56,0.0772,Sun Mar 18 14:33:07 +0000 2018,0.0,0.947,BBC,0.053,RT @BBCEngland: A number of runners have held their own half-marathon in Reading after the official event was called off due to the snowy w‚Ä¶,56
57,0.0,Sun Mar 18 14:28:23 +0000 2018,0.0,1.0,BBC,0.0,RT @BBCSport: They‚Äôve done it! Gold for GB‚Äôs Menna Fitzpatrick and Jen Kehoe in the visually impaired slalom at the Winter Paralympics. And‚Ä¶,57
58,0.0,Sun Mar 18 14:18:01 +0000 2018,0.0,1.0,BBC,0.0,üì±üöó Why a rise in electric cars could also mean a hike in the cost of your next phone. https://t.co/6i5xFQgRIW,58
59,0.6369,Sun Mar 18 14:08:37 +0000 2018,0.0,0.682,BBC,0.318,RT @BBC6Music: ‚úèÔ∏è Which song has the greatest opening line?,59
60,0.3182,Sun Mar 18 13:45:03 +0000 2018,0.0,0.905,BBC,0.095,üé§Pop music is awash with those that released one hit album and never followed it up. Here are 7 huge artists that o‚Ä¶ https://t.co/4ukT9drcdG,60
61,0.0,Sun Mar 18 13:00:08 +0000 2018,0.0,1.0,BBC,0.0,"üçîüò≤ Would you eat a burger pie?  
#BackInTimeForTea https://t.co/zGWzJwdSlM",61
62,0.0,Sun Mar 18 12:29:50 +0000 2018,0.0,1.0,BBC,0.0,RT @BBCOne: If food is the language of love... https://t.co/5hnYovE94o,62
63,-0.4588,Sun Mar 18 11:43:04 +0000 2018,0.167,0.833,BBC,0.0,"Ever wondered why David Bowie wore an eye patch?

Strange things artists have worn on stage and the reasons why. 
üëâ‚Ä¶ https://t.co/8zSBXQkLvy",63
64,0.4939,Sun Mar 18 10:30:04 +0000 2018,0.0,0.826,BBC,0.174,"üçûü•ñ Want to learn how to bake bread?

These easy to follow recipes and step-by-step videos will have you baking ever‚Ä¶ https://t.co/iXEmj5WJdD",64
65,-0.4215,Sun Mar 18 10:00:08 +0000 2018,0.259,0.741,BBC,0.0,"‚ÄúI regret spending ¬£50,000 on my wedding.‚Äù https://t.co/6PxJsDf9dn https://t.co/eJdx7KMmmK",65
66,0.0,Sun Mar 18 09:30:03 +0000 2018,0.0,1.0,BBC,0.0,"How to be 20 on the inside, even when you‚Äôre 80 on the outside... https://t.co/KB2mqpkrIB",66
67,0.656,Sun Mar 18 09:19:33 +0000 2018,0.061,0.727,BBC,0.212,"RT @BBCNews: Snow and ice are bringing disruption to many parts of the UK - but they're not stopping everyone from having fun üê∂‚ùÑÔ∏è

https://‚Ä¶",67
68,0.0,Sun Mar 18 09:10:02 +0000 2018,0.0,1.0,BBC,0.0,"RT @bbc5live: The beast from the east is back ‚ùÑÔ∏èüå®Ô∏è

You've been in touch this morning with your #uksnow pics, here are just a few...

What'‚Ä¶",68
69,0.0,Sat Mar 17 20:02:01 +0000 2018,0.0,1.0,BBC,0.0,"These seven celebrities are about to go on the journey of a lifetime... #Pilgrimage
https://t.co/m45UBXJew2",69
70,0.0,Sat Mar 17 19:21:02 +0000 2018,0.0,1.0,BBC,0.0,Can we just take a moment to discuss Eddie Redmanyne's coats?https://t.co/odVkhWyRKs,70
71,0.0,Sat Mar 17 18:32:01 +0000 2018,0.0,1.0,BBC,0.0,"Ouch! üòÇüî•@GordonRamsay's daughter is hilarious... 
https://t.co/0dqwntX5uj",71
72,0.3612,Sat Mar 17 18:03:04 +0000 2018,0.0,0.857,BBC,0.143,"üêú1‚É£2‚É£3‚É£Sir David Attenborough explores whether there is counting in the natural world. 

David Attenborough's Natur‚Ä¶ https://t.co/Q4H4uXR4pt",72
73,0.3182,Sat Mar 17 17:30:07 +0000 2018,0.0,0.901,BBC,0.099,One of the writers for The Simpsons has told @BBCNewsbeat Stephen Hawking was such a big fan of the show - he'd sho‚Ä¶ https://t.co/Jjer3V4cYk,73
74,0.4767,Sat Mar 17 17:00:08 +0000 2018,0.0,0.785,BBC,0.215,"üéìüìö 'The moment I gave Reese Witherspoon my Legally Blonde dissertation... and yes, it was scented.'
üëâ‚Ä¶ https://t.co/z8x5mqqKoW",74
75,0.0,Sat Mar 17 16:39:39 +0000 2018,0.0,1.0,BBC,0.0,RT @BBCWorld: Blossom in south-west China captured by drone https://t.co/gIDKUn1La6,75
76,0.0,Sat Mar 17 15:03:12 +0000 2018,0.0,1.0,BBC,0.0,"This year, over 250 landmarks across the globe are going green for #StPatricksDay! üçÄ https://t.co/TlWqU0TXQT https://t.co/i4sW4OaGrQ",76
77,0.0,Sat Mar 17 14:43:43 +0000 2018,0.0,1.0,BBC,0.0,"RT @BBCRadio3: ""Even if we found a complete theory of the universe, it wouldn't remove the need for music"" - #StephenHawking
https://t.co/t‚Ä¶",77
78,0.8625,Sat Mar 17 14:00:30 +0000 2018,0.0,0.699,BBC,0.301,‚õ∑‚ù§Ô∏è George has autism and other health conditions - but his love of skiing is helping him take on the outside world. https://t.co/kfCzRzkcNY,78
79,0.3628,Sat Mar 17 13:46:15 +0000 2018,0.073,0.784,BBC,0.143,"RT @5liveSport: 'My mates didn't know I was playing @realmadrid'

@ManUtd's @carras16 tells @ColinMurray his friends keep him grounded‚Ä¶

'A‚Ä¶",79
80,0.4019,Sat Mar 17 13:00:08 +0000 2018,0.0,0.881,BBC,0.119,"Yes, Gary Oldman and @BBCEastEnders' Big Mo are brother and sister. 

But do you know these other celeb family ties‚Ä¶ https://t.co/dtzMwD3nBB",80
81,-0.7244,Sat Mar 17 12:39:41 +0000 2018,0.336,0.664,BBC,0.0,"RT @BBCOne: .@NiallOfficial won't let fame get to his head - Ireland won't allow it. 

Happy #StPatricksDay üçÄ https://t.co/OrWR94HStF",81
82,0.5106,Sat Mar 17 12:00:09 +0000 2018,0.112,0.643,BBC,0.245,‚ôªÔ∏èüóë This shop encourages you to bring your own container from home to save on single-use plastic waste. https://t.co/TdHJSycKtO,82
83,0.8883,Sat Mar 17 11:30:09 +0000 2018,0.0,0.488,BBC,0.512,üáÆüá™ üçÄ Celebrate #StPatricksDay in true Irish style with these delicious recipes! üëâhttps://t.co/2MCMlz6K0B https://t.co/k18P3Syx2N,83
84,0.6249,Sat Mar 17 11:03:05 +0000 2018,0.0,0.796,BBC,0.204,From scrambled eggs to chilli-spiced crisps: here are six great ways to cook with kale. üòãüëâhttps://t.co/lqKD1h83Iv https://t.co/yWESBJm62q,84
85,0.6996,Sat Mar 17 10:14:25 +0000 2018,0.066,0.658,BBC,0.276,RT @BBCTwo: Happy #StPatricksDay! Check out what's lurking beneath the calm waters of Ireland's west coast... üáÆüá™ü¶à https://t.co/6MQgyLTlIr,85
86,0.0,Sat Mar 17 10:00:02 +0000 2018,0.0,1.0,BBC,0.0,"üé∂üê¶ Did you know that bullfinches can learn to sing a tune by mimicking humans?

üîä Sound on for this one!  https://t.co/44OFulioZp",86
87,-0.7717,Sat Mar 17 09:39:19 +0000 2018,0.251,0.749,BBC,0.0,"RT @BBCEngland: Stephen Hawking's PhD thesis has been viewed 250,000 times online since news of his death broke on Wednesday, the Universit‚Ä¶",87
88,0.6369,Sat Mar 17 09:00:06 +0000 2018,0.0,0.714,BBC,0.286,"Ready to get active?
üèÉ Here are 5 ways you can get involved in #SportRelief2018. 
üëâ https://t.co/wmKUWBDBjp https://t.co/xr7g5Hw4PK",88
89,0.7783,Fri Mar 16 19:38:34 +0000 2018,0.0,0.726,BBC,0.274,"RT @BBCR1: This guy just raised over a million pounds for @sportrelief üôåüèª

Congratulations on completing a truly mammoth task @gregjames, w‚Ä¶",89
90,0.4926,Fri Mar 16 18:31:01 +0000 2018,0.0,0.61,BBC,0.39,üí™üò≤‚öΩÔ∏è Keepy-uppy the good work! https://t.co/lFtKEBxjNJ,90
91,0.5719,Fri Mar 16 17:00:25 +0000 2018,0.0,0.791,BBC,0.209,‚ù§Ô∏èüéß Bradley has never let Asperger's hold him back from doing what he loves. https://t.co/5JFvIXeDSZ,91
92,0.0,Fri Mar 16 16:30:01 +0000 2018,0.0,1.0,BBC,0.0,"Running for the door on a Friday afternoon like...
#FridayFeeling https://t.co/optoQcK1TV",92
93,0.0,Fri Mar 16 16:00:00 +0000 2018,0.0,1.0,BBC,0.0,üîäüéµJarvis Cocker describes the dream-like experience of visiting La Monte Young's Dreamhouse.‚Ä¶ https://t.co/O9u7sPRL5m,93
94,0.0,Fri Mar 16 14:25:15 +0000 2018,0.0,1.0,BBC,0.0,"RT @BBCR1: The gruelling task of climbing Ben Nevis in underway for @gregjames after cycling 180 miles in a day and a half!

Don't know abo‚Ä¶",94
95,0.34,Fri Mar 16 14:00:13 +0000 2018,0.0,0.841,BBC,0.159,Prepare to get that warm fuzzy feeling - the man who photobombed his wife 11 years before he met her:‚Ä¶ https://t.co/iZBJ8dEKhz,95
96,0.6124,Fri Mar 16 12:59:01 +0000 2018,0.0,0.667,BBC,0.333,ü§îüé® Why are soap bubbles such gorgeous colours? https://t.co/ppaXTcvWRZ,96
97,0.3612,Fri Mar 16 12:38:40 +0000 2018,0.0,0.902,BBC,0.098,"RT @BBCNewsPR: Get ready to make the headlines. 

Try out our new BBC iReporter game, putting you in the heart of the newsroom #BBCSchoolRe‚Ä¶",97
98,-0.6486,Fri Mar 16 12:00:04 +0000 2018,0.238,0.762,BBC,0.0,"üòÇ Fights, funerals, and giant furry heads... @BBCThree lifts the lid on the lives of English football's mascots
üëâ‚Ä¶ https://t.co/gEYxoetlah",98
99,0.5574,Fri Mar 16 10:45:24 +0000 2018,0.0,0.841,BBC,0.159,"RT @BBCRadio2: It's with a heavy heart that today we announce, after 18 fantastic years, @realLynnBowles is leaving Radio 2. üò¢

@realkenbru‚Ä¶",99
100,0.6996,Tue Mar 20 23:50:01 +0000 2018,0.0,0.746,CBC,0.254,"@AndorianIP @CBCDetectives Thanks for the thoughtful words about the show &amp; why it appeals to you, Andorian! Intere‚Ä¶ https://t.co/43N9geJ9rh",0
101,0.6239,Tue Mar 20 23:47:30 +0000 2018,0.0,0.611,CBC,0.389,"@Devin_Heroux @GregCKXS @CKXS @cbcsports Lol! Working on it, Devin ;-)",1
102,-0.296,Tue Mar 20 23:46:39 +0000 2018,0.104,0.896,CBC,0.0,"@AndorianIP @CBCDetectives No word yet re: S2, Andorian. We generally have news about show renewals by May, and we'‚Ä¶ https://t.co/FdbLENz5aV",2
103,0.9323,Tue Mar 20 23:41:41 +0000 2018,0.067,0.4,CBC,0.533,"@WesleyCoughlan @22_Minutes Excellent! Glad you stuck around and are going for a comedy double bill tonight, Wesley! Enjoy :)",3
104,0.9392,Tue Mar 20 23:40:31 +0000 2018,0.0,0.297,CBC,0.703,"@richardagain Fair enough, Richard. We appreciate you sharing such a thoughtful response! Thanks  :)",4
105,0.8588,Tue Mar 20 23:39:38 +0000 2018,0.0,0.572,CBC,0.428,"@MarisaPulice @ewokninja Noted, Marisa! We'll certainly be sharing your feedback about this one as well. Thanks for tweeting.",5
106,-0.2714,Tue Mar 20 23:38:07 +0000 2018,0.114,0.829,CBC,0.057,"@GregCKXS @Devin_Heroux @CKXS We suspected many would be having Olympic (and Devin) withdrawal, Greg! We'll be sure‚Ä¶ https://t.co/UvoK1s6X6q",6
107,0.9244,Tue Mar 20 23:26:02 +0000 2018,0.0,0.511,CBC,0.489,"@WesleyCoughlan So glad you're tuning in tonight, Wesley! Hope your family is loving tonight's episode :) @Mercer_Report @rickmercer",7
108,0.8573,Tue Mar 20 23:25:00 +0000 2018,0.0,0.597,CBC,0.403,"@moosefan62 @CBCDetectives So pleased you're enjoying The Detectives, Marilyn! We'll be sure your request for more‚Ä¶ https://t.co/XhmukjudG2",8
109,0.8921,Tue Mar 20 23:23:55 +0000 2018,0.0,0.53,CBC,0.47,@whatdoesdave @CaughtCBC @allanhawco @PaulGross_ @enukaokuma So glad you're loving #CaughtCBC! Thanks for letting u‚Ä¶ https://t.co/mZakfLYu6B,9
110,0.7901,Tue Mar 20 23:21:26 +0000 2018,0.0,0.417,CBC,0.583,"@CreelmanKid @TheCdnAcademy Excellent, David! Carry on :)",10
111,0.6588,Tue Mar 20 23:18:38 +0000 2018,0.0,0.527,CBC,0.473,@puppymcpooch Agreed! Connor McIntyre is a dynamo :) #Corrie,11
112,0.9133,Tue Mar 20 23:15:17 +0000 2018,0.0,0.441,CBC,0.559,"@marabscott @WorkinMoms So glad to hear it, Mara! Hope you enjoy tonight's episode :)",12
113,0.8814,Tue Mar 20 23:12:01 +0000 2018,0.0,0.555,CBC,0.445,"@ewokninja You're welcome, JT. And we can certainly relay your feedback about the headline.. Thanks again for tweeting!",13
114,0.9353,Tue Mar 20 23:10:41 +0000 2018,0.0,0.436,CBC,0.564,@SocialTekOttawa @CBCComedy Those chips really look delicious! Glad to hear the ketchup was a success :),14
115,0.4003,Tue Mar 20 23:09:44 +0000 2018,0.206,0.424,CBC,0.369,"@puppymcpooch Lol! Exactly, McPooch. Lying all over the place :)",15
116,0.7773,Tue Mar 20 23:06:01 +0000 2018,0.0,0.657,CBC,0.343,@LucasAgentE @AmitaiMars Very exciting news indeed! Can't wait to see Amitai in the role :),16
117,0.2481,Tue Mar 20 23:03:08 +0000 2018,0.169,0.542,CBC,0.289,@puppymcpooch Blush away! We all know Pat lies like a rug ;-) #corrietruths,17
118,0.577,Tue Mar 20 23:01:12 +0000 2018,0.0,0.596,CBC,0.404,@WorkinMoms Wouldn't miss it for the world! :)  #WorkinMoms,18
119,0.0976,Tue Mar 20 23:00:08 +0000 2018,0.143,0.692,CBC,0.165,"@CBCRadioCanada @ici_cote_nord @CBCSHOP With an image like that, how could we not follow?? :)",19
120,0.69,Tue Mar 20 22:59:29 +0000 2018,0.0,0.749,CBC,0.251,@puppymcpooch Ha! This has grown to be the favourite part of our evening: #Corrie recapping with McPooch :) #loveCBC,20
121,0.8579,Tue Mar 20 22:56:18 +0000 2018,0.0,0.514,CBC,0.486,@SocialTekOttawa @CBCComedy Can't wait to try this! Thanks for sharing the recipe :),21
122,0.4019,Tue Mar 20 22:42:28 +0000 2018,0.231,0.452,CBC,0.317,"@jasonsmom1984 @CBCComedy Using ketchup to make ketchup chips = an honest mistake, no? :)",22
123,0.4767,Tue Mar 20 22:30:01 +0000 2018,0.0,0.853,CBC,0.147,Canada's @kaetlyn_23¬†will look to follow up on her thrilling bronze-medal performance from the Olympics when she re‚Ä¶ https://t.co/VbH7F3ons4,23
124,0.0,Tue Mar 20 22:12:19 +0000 2018,0.0,1.0,CBC,0.0,@capjkkirk @PopMythology Looking forward to it!,24
125,0.8553,Tue Mar 20 22:10:14 +0000 2018,0.0,0.615,CBC,0.385,"@CreelmanKid @TheCdnAcademy Glad you're getting a chance to check it out, David! It was such a great night. Sounds‚Ä¶ https://t.co/p9G8BlaQRo",25
126,0.3612,Tue Mar 20 22:03:53 +0000 2018,0.0,0.815,CBC,0.185,@mdeluca921 @KDSS_KNIGHTS @rickmercer @Mercer_Report @PlanGlobal @myFMshoreline @allhailtravis Looks like this was‚Ä¶ https://t.co/bWZKooilfT,26
127,0.7088,Tue Mar 20 21:59:54 +0000 2018,0.0,0.718,CBC,0.282,"@capjkkirk @allanhawco @CaughtCBC @PopMythology Thanks for the rave review, Captain J. Kirk! We appreciate you shar‚Ä¶ https://t.co/tNfhSOfBqT",27
128,0.9411,Tue Mar 20 21:37:24 +0000 2018,0.0,0.275,CBC,0.725,@SmokeEater303 @CBCComedy Lol! That face is perfect! Thanks for sharing :),28
129,0.8398,Tue Mar 20 21:33:26 +0000 2018,0.0,0.55,CBC,0.45,"@NewsRudy @YouTube @TheJUNOAwards @Strongmanmusic @CBCMusic @rockitdeb @strutent Thanks for sharing this clip, Rudy! :)",29
130,0.0,Tue Mar 20 21:30:01 +0000 2018,0.0,1.0,CBC,0.0,"""Making my own ketchup chips. Talk me through it. So I bought some ketchup."" | @CBCComedy https://t.co/9czvsHg3f7",30
131,0.8622,Tue Mar 20 21:26:36 +0000 2018,0.0,0.625,CBC,0.375,"@jamjamrn This is such a fantastic photo, Judy! Thanks for sharing it. We're looping in @CBCMurdoch, so they'll see‚Ä¶ https://t.co/6MPRzQP1om",31
132,0.2942,Tue Mar 20 21:16:31 +0000 2018,0.124,0.693,CBC,0.183,"@20C_mod_fan @cbcdocs Regrets, 20CModernFan! Due to internet streaming rights, all Passionate Eye docs are geofence‚Ä¶ https://t.co/hwkty5tCsd",32
133,0.5859,Tue Mar 20 21:04:43 +0000 2018,0.0,0.798,CBC,0.202,@coachv014 Hi Lance. Please rest assured that we will report your concerns about this ad to our ad operations depar‚Ä¶ https://t.co/ozsvIXuQfI,33
134,0.8221,Tue Mar 20 21:01:56 +0000 2018,0.096,0.478,CBC,0.426,"@richmanwisco @CNBC No apologies necessary, Rich! Thanks for letting us know &amp; carry on :)",34
135,0.0,Tue Mar 20 19:54:26 +0000 2018,0.0,1.0,CBC,0.0,@Alishtor @ShannonEason3 @HeartlandOnCBC @graham714 @MichelleMorgan_ @ImVictoriaPratt @Amber_Marshall‚Ä¶ https://t.co/DslNmyN8r1,35
136,0.9312,Tue Mar 20 19:49:25 +0000 2018,0.0,0.466,CBC,0.534,"@richmanwisco Thanks for sharing your feedback, Rich! We appreciate hearing your thoughts. Just to ensure we're on‚Ä¶ https://t.co/hiLDAh6NqA",36
137,0.7644,Tue Mar 20 19:42:53 +0000 2018,0.0,0.721,CBC,0.279,"@GabrieleRoy Glad you enjoyed that article, Gabri√®le! If you have follow-up questions about the data (&amp; pie charts)‚Ä¶ https://t.co/M79igOyo04",37
138,0.906,Tue Mar 20 19:41:30 +0000 2018,0.0,0.532,CBC,0.468,"@hmjoneswriter @CBCKids Thanks for sharing your piece, Heather! You gave us a whole new appreciation of Mr. Rogers :)",38
139,0.0,Tue Mar 20 19:34:06 +0000 2018,0.0,1.0,CBC,0.0,@Alishtor @peratp @HeartlandOnCBC @graham714 @MichelleMorgan_ @ImVictoriaPratt @Amber_Marshall @The_Real_ShaunJ‚Ä¶ https://t.co/NXrHECHOa0,39
140,0.2003,Tue Mar 20 19:33:00 +0000 2018,0.12,0.684,CBC,0.196,"@IceyRedcups @AirCanada Regret to hear that, Uchiha! We recommend reaching out to the Go Public team for assistance‚Ä¶ https://t.co/KiVyhdBEeL",40
141,0.0,Tue Mar 20 19:30:00 +0000 2018,0.0,1.0,CBC,0.0,"Eskasoni, N.S., is taking steps to preserve its Indigenous language among the next generation | @CBCIndigenous‚Ä¶ https://t.co/uP3h9BgaE6",41
142,0.0,Tue Mar 20 19:21:19 +0000 2018,0.0,1.0,CBC,0.0,@Alishtor @HeartlandOnCBC @graham714 @MichelleMorgan_ @ImVictoriaPratt @Amber_Marshall @The_Real_ShaunJ @kaitdubz‚Ä¶ https://t.co/DDbZZtNcCe,42
143,0.8893,Tue Mar 20 18:55:43 +0000 2018,0.0,0.603,CBC,0.397,"@IanJames007 Glad you caught that SNL sketch, Ian! We were so delighted when the CBC gem appeared onscreen :)",43
144,0.9134,Tue Mar 20 18:50:43 +0000 2018,0.0,0.506,CBC,0.494,"@globalatomic Always happy to see a Burton Kramer shout-out, Global Atomic! Thanks for sharing the pic :) #loveCBC",44
145,0.8718,Tue Mar 20 18:48:31 +0000 2018,0.0,0.336,CBC,0.664,"@ShellyNekuda42 @CBCArts Sounds like a great idea, Shelly! :)",45
146,0.694,Tue Mar 20 18:40:59 +0000 2018,0.0,0.768,CBC,0.232,"@ewokninja Hi JT. ""Terrific person"" is in quotes in the headline because those words are from a direct quote from s‚Ä¶ https://t.co/I0YC7zXhp1",46
147,0.0,Tue Mar 20 18:30:00 +0000 2018,0.0,1.0,CBC,0.0,"""The social media generation has revolutionized the way people communicate.""¬†| @CBCNews https://t.co/vbEDGEf10R",47
148,0.906,Tue Mar 20 18:28:46 +0000 2018,0.0,0.328,CBC,0.672,"@Beavertrucks Thanks for sharing that advice, BeaverTrucks! Much appreciated :)",48
149,0.1872,Tue Mar 20 18:11:43 +0000 2018,0.105,0.75,CBC,0.145,@LordPingoz Hi there. We're exactly not sure. Looping in @cbc_archives to see if they can help,49
150,-0.2244,Tue Mar 20 17:54:26 +0000 2018,0.161,0.718,CBC,0.121,@anxious_andrea Everyone needs to let out a big ugly #HelloGoodCry every once and a while. It's only healthy! Thank‚Ä¶ https://t.co/iFMqAW2WXQ,50
151,0.0,Tue Mar 20 17:42:15 +0000 2018,0.0,1.0,CBC,0.0,"RT @KimsConvenience: Which #KimsConvenience character do you think you relate to the most?
If you don't see your choice, reply to tell us!‚Ä¶",51
152,0.9359,Tue Mar 20 17:41:43 +0000 2018,0.0,0.395,CBC,0.605,@dluthor2 All is good over here! Enjoying the sunshine &amp; getting ready for spring :),52
153,0.8883,Tue Mar 20 17:26:13 +0000 2018,0.0,0.439,CBC,0.561,@dluthor2 @cbcdocs Hope that clip helps put a smile on your face today. Enjoy!,53
154,0.9258,Tue Mar 20 17:23:14 +0000 2018,0.0,0.509,CBC,0.491,"@PIPAnimation Love it! Working in character - very ""method"" of all of you! Thanks for sharing a pic :) #PiratesPassage",54
155,0.9117,Tue Mar 20 17:04:54 +0000 2018,0.0,0.544,CBC,0.456,"@agotoronto @masseyhall @banffcentre Thanks for sharing that info &amp; link, AGO! Looks like this will be a great disc‚Ä¶ https://t.co/lhHyRfBHNU",55
156,0.4404,Tue Mar 20 17:00:11 +0000 2018,0.0,0.786,CBC,0.214,"@WiliamBlount Hi Will. Thank you for reaching out to us. We would like to address your concerns, but would request‚Ä¶ https://t.co/8FjJfItHei",56
157,0.6486,Tue Mar 20 16:56:17 +0000 2018,0.0,0.569,CBC,0.431,"@richardagain Not a fan of this year's nominees, Richard? :)",57
158,0.1867,Tue Mar 20 16:55:34 +0000 2018,0.0,0.902,CBC,0.098,"RT @SchittsCreek: Something's brewing at Rose Apothecary... don't miss all-new #SchittsCreek, tonight at 9/9:30NT on @CBC! https://t.co/hqy‚Ä¶",58
159,0.4926,Tue Mar 20 16:44:50 +0000 2018,0.0,0.842,CBC,0.158,@signofariana Hi Alex! Thanks for the suggestion. Ever considered submitting that pitch? You can do so at: https://t.co/bWdKjM7zrb,59
160,0.9308,Tue Mar 20 16:42:41 +0000 2018,0.0,0.502,CBC,0.498,"@dluthor2 @cbcdocs Glad you saw that clip, Derick! We are squealing with joy over here. So adorable :)",60
161,0.3382,Tue Mar 20 16:40:52 +0000 2018,0.0,0.626,CBC,0.374,"@KeldaLarsen Indeed, Kelda! Well said.",61
162,0.5411,Tue Mar 20 16:34:49 +0000 2018,0.0,0.845,CBC,0.155,"RT @CBCMusic: #CBCMusicFest returns for its sixth year on May 26th! The largest, all-Canadian music festival will include headliners @julyt‚Ä¶",62
163,0.7345,Tue Mar 20 16:34:01 +0000 2018,0.0,0.708,CBC,0.292,"@capjkkirk @allanhawco @CaughtCBC @PopMythology Excellent, Captain J. Kirk! Can you share a link with us once it's‚Ä¶ https://t.co/LqInHZPuO6",63
164,0.3802,Tue Mar 20 16:30:02 +0000 2018,0.0,0.88,CBC,0.12,"This year's #JUNOS Fan Choice category is stacked! Watch, listen or stream on March 25, and learn more at ¬†‚Ä¶ https://t.co/2g7bBnDF8I",64
165,0.7424,Tue Mar 20 16:22:32 +0000 2018,0.0,0.389,CBC,0.611,@dluthor2 Glad to hear it! :),65
166,0.8016,Tue Mar 20 16:21:29 +0000 2018,0.0,0.676,CBC,0.324,"@Repinerator @TorrensJonathan @CBCComedy Glad you loved that one as much as we did, Repinerator! @TorrensJonathan i‚Ä¶ https://t.co/9yab1Ew6vL",66
167,0.9368,Tue Mar 20 16:13:02 +0000 2018,0.0,0.527,CBC,0.473,"@dluthor2 Howdy, Derick! Thanks for the love. How's your Tuesday going so far? Happy first day of spring :) #loveCBC",67
168,0.4939,Tue Mar 20 16:05:37 +0000 2018,0.0,0.789,CBC,0.211,Watch these adorable Arctic fox puppies take their first steps: https://t.co/vzOgOBIMtk | @cbcdocs https://t.co/IpLP1DmfmH,68
169,0.857,Tue Mar 20 15:55:56 +0000 2018,0.051,0.632,CBC,0.317,"@blaufman @Steve618 @CBCFrankieDrake Hi Brian! No word just yet, but we promise to tweet &amp; share info as soon as we have it :)",69
170,-0.3595,Tue Mar 20 15:47:16 +0000 2018,0.128,0.872,CBC,0.0,"@Steve618 @CBCFrankieDrake Hi Steven! No word just yet. Generally, we announce all show renewals in spring (around‚Ä¶ https://t.co/RNP4ybyOnG",70
171,0.0,Tue Mar 20 15:30:02 +0000 2018,0.0,1.0,CBC,0.0,"Could you recognize any of Canada's Indigenous languages if you heard it being spoken in public? | @CBCArts
https://t.co/96RFzrWRtZ",71
172,0.8588,Tue Mar 20 13:49:06 +0000 2018,0.0,0.513,CBC,0.487,"@woolqueen2 @CBCMurdoch You're welcome, Nancy. Hope you enjoyed the finale last night! #Lovecbc",72
173,0.0,Tue Mar 20 13:44:36 +0000 2018,0.0,1.0,CBC,0.0,"@Miss_Mousie Hi. In the past we have broadcast seasons 1-3 in the summer, so stay tuned for summer programming anno‚Ä¶ https://t.co/zEzOJp09LI",73
174,0.4404,Tue Mar 20 00:52:19 +0000 2018,0.0,0.847,CBC,0.153,"@soo_cee2017 @Msdmurph @bimmerella @POTUS @BBCWorld @CTVNews Pleased to be included on your list of go-tos, SueCeeQ‚Ä¶ https://t.co/jdQZuMLR5w",74
175,0.8475,Tue Mar 20 00:50:47 +0000 2018,0.0,0.662,CBC,0.338,"@leafsman @ITisSunshinexo So happy to hear you're loving it! We're cc-ing @CBCDetectives, so they'll know you've be‚Ä¶ https://t.co/ghLfPyQgYm",75
176,0.2617,Tue Mar 20 00:49:23 +0000 2018,0.085,0.779,CBC,0.136,"@HacheFilardi @TorontoStar @globeandmail @tdsb Regrets, Ernesto. We don't do external RTs, but we can share this ti‚Ä¶ https://t.co/MmDwgYYCp2",76
177,0.5093,Tue Mar 20 00:47:59 +0000 2018,0.0,0.82,CBC,0.18,"@sinclairm @SimuLiu @KimsConvenience It's never too late to get into @KimsConvenience, Meghan! Glad you're enjoying‚Ä¶ https://t.co/SSuZZ2yHQ1",77
178,0.6369,Tue Mar 20 00:30:00 +0000 2018,0.0,0.682,CBC,0.318,When's the best time to buy a plane ticket?  | @CBChellogoodbye https://t.co/PcFBbPXGdh,78
179,0.7345,Tue Mar 20 00:05:11 +0000 2018,0.0,0.744,CBC,0.256,"@puppymcpooch Ah, McPooch. Have we thanked you lately for your tweets? Your #Corrie commentary is unparalleled. Total game changer! :)",79
180,0.9239,Mon Mar 19 23:57:04 +0000 2018,0.0,0.512,CBC,0.488,"@Lamchop99 @allanhawco Thanks for sharing the stellar review, Lisa Ann! So thrilled you're loving @CaughtCBC. We ha‚Ä¶ https://t.co/JDL7bWzFut",80
181,0.0,Mon Mar 19 23:52:34 +0000 2018,0.0,1.0,CBC,0.0,"@maritimebhangra @Mercer_Report @rickmercer Looking forward to catching your appearance twice, Maritime Bhangra! Th‚Ä¶ https://t.co/FpSLDB1XTc",81
182,0.7177,Mon Mar 19 23:50:32 +0000 2018,0.0,0.728,CBC,0.272,"@jodyvance @nbcsnl Glad you caught that @nbcsnl sketch, Jody! Hilarious, though we did catch ourselves thinking: ""D‚Ä¶ https://t.co/JTY6XKSxmp",82
183,0.4926,Mon Mar 19 23:47:04 +0000 2018,0.0,0.803,CBC,0.197,"@TheTerribleHook @santac1019 @louford1 @ShaftesburyTV @CBCMurdoch Aha! Thanks for clarifying, Hook. We can definite‚Ä¶ https://t.co/etAfpon8PC",83
184,0.8908,Mon Mar 19 23:38:00 +0000 2018,0.0,0.487,CBC,0.513,"@YPI_cares Thanks for helping to spread the word, YPI Canada! Pleased you enjoyed that interactive.",84
185,0.9381,Mon Mar 19 23:37:12 +0000 2018,0.0,0.415,CBC,0.585,@BrendanMalakym Excellent! Glad you're enjoying @cbcdragon online. We also appreciate the feedback you've shared re‚Ä¶ https://t.co/HcaX859nh0,85
186,0.8478,Mon Mar 19 23:23:14 +0000 2018,0.0,0.579,CBC,0.421,"@Tweezerpants @CBCComedy Glad you were a fan &amp; we can certainly share that request, Tweezerpants! Still many produc‚Ä¶ https://t.co/AA02UmgWsE",86
187,0.8553,Mon Mar 19 23:18:12 +0000 2018,0.0,0.598,CBC,0.402,"@jessicabezanson Excellent! Sounds like you are checking out lots of different programming, Jessica. Thanks for let‚Ä¶ https://t.co/IqjWhsqys4",87
188,0.8016,Mon Mar 19 23:12:16 +0000 2018,0.083,0.564,CBC,0.353,"@DianesDigitals @CBCMurdoch @stevenbuechler Excellent! We are, too. No idea how things are going to play out tonight :) #nailbiting",88
189,0.865,Mon Mar 19 23:10:33 +0000 2018,0.0,0.591,CBC,0.409,"@puppymcpooch Ha! We were wondering if you were watching tonight, McPooch! Oh my praises, indeed! :) #Corrie",89
190,0.5551,Mon Mar 19 22:57:33 +0000 2018,0.0,0.817,CBC,0.183,@DianesDigitals @CBCMurdoch @stevenbuechler So glad you'll be watching tonight! Can't wait to hear your thoughts on‚Ä¶ https://t.co/yuxSS98isq,90
191,0.0,Mon Mar 19 22:30:00 +0000 2018,0.0,1.0,CBC,0.0,"""Can you hold please?"" | @CBCComedy https://t.co/uMT6W4u8oO",91
192,0.7088,Mon Mar 19 22:27:51 +0000 2018,0.0,0.718,CBC,0.282,"@Roopanova @CBCNews @CBCEdmonton Thanks for the assist with the tagging, Roopnova! We appreciate it, and the feedback.",92
193,0.0,Mon Mar 19 21:54:09 +0000 2018,0.0,1.0,CBC,0.0,@eleanor70001 @CBCNature @DavidSuzuki Hi Eleanor! #CBCTNoT airs Sunday evenings at 8 p.m. on CBC-TV. To see which e‚Ä¶ https://t.co/omthdRGZQo,93
194,0.7177,Mon Mar 19 21:37:13 +0000 2018,0.0,0.7,CBC,0.3,"@cbc_archives Such an interesting clip, CBC Archives! Clarke was way ahead of the curve - always :)",94
195,0.0,Mon Mar 19 21:31:34 +0000 2018,0.0,1.0,CBC,0.0,"@TheTerribleHook @santac1019 @louford1 @ShaftesburyTV We do know you are a @CBCMurdoch diehard, Hook! We don't have‚Ä¶ https://t.co/nBpoyxejAG",95
196,0.8271,Mon Mar 19 21:30:00 +0000 2018,0.0,0.609,CBC,0.391,"Congratulations to aquakultre, winner of @CBCMusic's #Searchlight2018. Learn more about his redemptive story:

https://t.co/5NSft98bRO",96
197,0.923,Mon Mar 19 21:21:26 +0000 2018,0.0,0.495,CBC,0.505,@gloryosky @CaughtCBC Thanks for sharing the link and spreading the word! Hope you're excited for tonight's episode :) #CaughtCBC,97
198,0.9199,Mon Mar 19 21:04:27 +0000 2018,0.0,0.433,CBC,0.567,"@TheTerribleHook @santac1019 @louford1 Really lovely words for the writers, Hook! Thanks for sharing :)",98
199,0.5093,Mon Mar 19 20:43:20 +0000 2018,0.0,0.829,CBC,0.171,"@Jocelynlovestv @allanhawco The exclamation points say it all, Jocelyn! Glad you're stoked for tonight's episode :)‚Ä¶ https://t.co/uM2cXNpFp4",99
200,0.4215,Wed Mar 21 03:46:06 +0000 2018,0.0,0.833,CNN,0.167,United Airlines says it is suspending a program that transports pets in cargo holds https://t.co/q4OT7uEEzT https://t.co/oCdnFGbalE,0
201,0.0,Wed Mar 21 03:31:06 +0000 2018,0.0,1.0,CNN,0.0,Uber cofounder Travis Kalanick -- who was ousted as Uber's CEO last June -- is hiring for his newest gig‚Ä¶ https://t.co/vDphJOozcn,1
202,-0.4767,Wed Mar 21 03:16:04 +0000 2018,0.162,0.838,CNN,0.0,"Cambridge Analytica has suspended CEO Alexander Nix, the latest development in a complicated story involving the em‚Ä¶ https://t.co/Zip5BdjeIo",2
203,0.0,Wed Mar 21 03:02:18 +0000 2018,0.0,1.0,CNN,0.0,WhatsApp cofounder Brian Acton has a message for Facebook users: Delete Facebook. https://t.co/fhYGtoqcro,3
204,0.4019,Wed Mar 21 03:01:02 +0000 2018,0.0,0.863,CNN,0.137,"""As we wait for legislative reforms aimed at tackling recidivism, America's private businesses can help put a stop‚Ä¶ https://t.co/GDXMW7lhcj",4
205,0.5719,Wed Mar 21 02:49:36 +0000 2018,0.0,0.764,CNN,0.236,"Billionaire Pritzker wins Dem nomination in Illinois Governor's race, CNN projects https://t.co/7R7w5EIcjT https://t.co/BztAiaq33j",5
206,0.6037,Wed Mar 21 02:46:04 +0000 2018,0.0,0.812,CNN,0.188,"""DO NOT CONGRATULATE"" tells you everything you need to know about Donald Trump's psyche | Analysis by @CillizzaCNN‚Ä¶ https://t.co/CxdDtnaV4E",6
207,0.0,Wed Mar 21 02:36:04 +0000 2018,0.0,1.0,CNN,0.0,Ohio might soon have an official state dog. 12 other states already do: https://t.co/NplMFp1JwG https://t.co/d8rmMibvDj,7
208,-0.5106,Wed Mar 21 02:31:07 +0000 2018,0.199,0.707,CNN,0.093,"""The death of gentle giant Sudan is a loss for the world. But we don't have to let it be in vain,"" writes Jill Fili‚Ä¶ https://t.co/D7Mo3FfVt7",8
209,-0.6705,Wed Mar 21 02:16:03 +0000 2018,0.22,0.78,CNN,0.0,Uber's self-driving car fatality draws national scrutiny as local and federal investigators continue to examine the‚Ä¶ https://t.co/q8eiT3OEmt,9
210,0.4019,Wed Mar 21 02:11:06 +0000 2018,0.0,0.87,CNN,0.13,"President Trump said Rick Saccone ""didn't quite make it"" in the Pennsylvania special election, despite the fact tha‚Ä¶ https://t.co/RRPgmHg7r4",10
211,-0.3612,Wed Mar 21 02:09:35 +0000 2018,0.135,0.865,CNN,0.0,A Holocaust denier is now officially the Republican nominee in a Chicago-area House race after running unopposed in‚Ä¶ https://t.co/iY0begq1Wr,11
212,-0.296,Wed Mar 21 02:07:37 +0000 2018,0.157,0.756,CNN,0.087,Exclusive: Scientist at center of data controversy says Facebook is making him a scapegoat https://t.co/dQwpcz8jdU https://t.co/IsuNboAGhd,12
213,-0.0516,Wed Mar 21 02:01:07 +0000 2018,0.079,0.921,CNN,0.0,A Cambridge Analytica researcher touted data mining in a speech in Russia four years ago https://t.co/gg9ihdgKOW https://t.co/vhZclSt6uB,13
214,-0.3818,Wed Mar 21 01:50:08 +0000 2018,0.115,0.885,CNN,0.0,"White House Legislative Affairs Director Marc Short tells CNN there are ""too many obstacles to tackle"" to be able t‚Ä¶ https://t.co/OreBEZofSj",14
215,-0.8555,Wed Mar 21 01:42:10 +0000 2018,0.356,0.644,CNN,0.0,"Anemia is emerging as a threat that can double the risk of death in pregnant women, according to a new study https://t.co/pZwhhbyZdA",15
216,-0.5267,Wed Mar 21 01:38:45 +0000 2018,0.196,0.804,CNN,0.0,"FBI Director Christopher Wray says he feels no political pressure from the White House and President Trump has ""nev‚Ä¶ https://t.co/j4febjvZBk",16
217,0.0,Wed Mar 21 01:31:20 +0000 2018,0.0,1.0,CNN,0.0,"RT @AC360: In an interview with @AndersonCooper, the attorneys for Stormy Daniels and Michael Cohen clashed over whether President Donald T‚Ä¶",17
218,0.3875,Wed Mar 21 01:30:24 +0000 2018,0.0,0.884,CNN,0.116,"RT @cnnbrk: Austin police say the latest reported package incident involved an incendiary device, not a bomb. Right now, authorities do not‚Ä¶",18
219,0.2057,Wed Mar 21 01:24:52 +0000 2018,0.0,0.908,CNN,0.092,"The Austin Police Department says the reported explosion was not a bomb, but rather an incendiary device.

""At this‚Ä¶ https://t.co/TbswI3jaCa",19
220,-0.4019,Wed Mar 21 01:09:09 +0000 2018,0.137,0.863,CNN,0.0,"At least one person was injured in a reported explosion in a south Austin, Texas, neighborhood, officials with Aust‚Ä¶ https://t.co/C8EmKaEz9f",20
221,-0.4019,Wed Mar 21 00:52:09 +0000 2018,0.13,0.87,CNN,0.0,"At least one person was injured in another reported explosion in Austin, Texas, officials say. Police are respondin‚Ä¶ https://t.co/ajAX99LYWi",21
222,0.0,Wed Mar 21 00:42:42 +0000 2018,0.0,1.0,CNN,0.0,"Police in Austin, Texas, are responding to a report of another package explosion in the city. Follow live updates: https://t.co/bNRYeRE1p3",22
223,0.0,Wed Mar 21 00:40:11 +0000 2018,0.0,1.0,CNN,0.0,"RT @OutFrontCNN: Austin Mayor Steve Adler tells @ErinBurnett the explosion at a FedEx facility near San Antonio ""seem to be connected"" to r‚Ä¶",23
224,-0.5574,Wed Mar 21 00:32:03 +0000 2018,0.167,0.833,CNN,0.0,"Sudan, a northern white rhino and the last male of his subspecies, has died. Photographer @Amivee chronicled the fi‚Ä¶ https://t.co/9mDUgBmDkm",24
225,0.4019,Wed Mar 21 00:26:07 +0000 2018,0.0,0.787,CNN,0.213,This isn't your father's Democratic Party | Analysis by @CillizzaCNN https://t.co/7I36SFVMDC https://t.co/hnGQ7TOeJz,25
226,-0.34,Wed Mar 21 00:17:47 +0000 2018,0.107,0.893,CNN,0.0,"Hundreds of flights have been canceled and more than 70 million people are under a winter storm watch, warning or a‚Ä¶ https://t.co/fi5jW5mjuk",26
227,0.2235,Wed Mar 21 00:13:17 +0000 2018,0.0,0.894,CNN,0.106,US President Trump congratulated Russian President Vladimir Putin on his re-election despite the warnings from mult‚Ä¶ https://t.co/95jqmjFqpa,27
228,0.128,Wed Mar 21 00:12:56 +0000 2018,0.0,0.927,CNN,0.073,"RT @AC360: Exclusive: Aleksandr Kogan, the data scientist who worked with Cambridge Analytica to harvest data, tells @AndersonCooper he did‚Ä¶",28
229,0.2023,Wed Mar 21 00:12:34 +0000 2018,0.0,0.909,CNN,0.091,The House Foreign Affairs panel's top Democrat says whistleblowers have come forward to allege a plot to remove the‚Ä¶ https://t.co/Lex4BEAx8Y,29
230,-0.128,Wed Mar 21 00:00:49 +0000 2018,0.073,0.927,CNN,0.0,"Former Nixon WH counsel John Dean on Trump and Mueller: We're seeing ""the difference between cutting somebody off a‚Ä¶ https://t.co/tYn6vvxuu8",30
231,0.2235,Tue Mar 20 23:57:06 +0000 2018,0.0,0.894,CNN,0.106,US President Trump congratulated Russian President Vladimir Putin on his re-election despite the warnings from mult‚Ä¶ https://t.co/h6lKl6pY31,31
232,0.0,Tue Mar 20 23:52:03 +0000 2018,0.0,1.0,CNN,0.0,"K-pop group Red Velvet will be part of a group of South Korean pop stars who will be performing in Pyongyang, North‚Ä¶ https://t.co/QvyWirWGBt",32
233,0.0,Tue Mar 20 23:51:36 +0000 2018,0.0,1.0,CNN,0.0,"RT @OutFrontCNN: ""We have left the homeland completely exposed,"" says Juliette Kayyem, former assistant secretary of the Department of Home‚Ä¶",33
234,-0.5994,Tue Mar 20 23:47:26 +0000 2018,0.17,0.83,CNN,0.0,Wreckage from a World War II cruiser sunk by a Japanese torpedo in 1942 has been discovered. Led by billionaire Pau‚Ä¶ https://t.co/J9ODULhsSY,34
235,-0.128,Tue Mar 20 23:41:59 +0000 2018,0.073,0.927,CNN,0.0,Facebook is facing tough questions over how data on its users was obtained by a political data firm called Cambridg‚Ä¶ https://t.co/81FGxijeP3,35
236,-0.1027,Tue Mar 20 23:37:42 +0000 2018,0.145,0.726,CNN,0.129,"The world's last male northern white rhino has died, leaving only two females to save the subspecies from extinctio‚Ä¶ https://t.co/vW5r7UfEcZ",36
237,-0.3818,Tue Mar 20 23:32:06 +0000 2018,0.14,0.86,CNN,0.0,US State Department officials say the Trump administration is considering expelling Russian diplomats over the pois‚Ä¶ https://t.co/guNzWnFRoS,37
238,0.0772,Tue Mar 20 23:27:07 +0000 2018,0.104,0.779,CNN,0.117,"Republican Sen. Jeff Flake tweeted that if President Trump were to fire special counsel Robert Mueller, the ""only c‚Ä¶ https://t.co/Y4uybCK68g",38
239,-0.4404,Tue Mar 20 23:22:07 +0000 2018,0.153,0.847,CNN,0.0,The cremated remains of notorious cult leader Charles Manson were scattered on a California hillside following a Ch‚Ä¶ https://t.co/4LNUZL5Me6,39
240,0.4621,Tue Mar 20 23:18:21 +0000 2018,0.08,0.707,CNN,0.213,"RT @OutFrontCNN: President Trump congratulates Putin on re-election, provoking strong rebuke over why he didn't confront Putin over electio‚Ä¶",40
241,-0.5423,Tue Mar 20 23:17:06 +0000 2018,0.231,0.769,CNN,0.0,"A longtime Fox News analyst sharply criticized the network on Tuesday, denouncing the outlet as a ""propaganda machi‚Ä¶ https://t.co/VbOHmw2Q50",41
242,0.0,Tue Mar 20 23:12:06 +0000 2018,0.0,1.0,CNN,0.0,Read Stormy Daniels' polygraph report https://t.co/WuYXRTew85 https://t.co/cjpBINepza,42
243,0.5859,Tue Mar 20 23:11:30 +0000 2018,0.0,0.817,CNN,0.183,Sen. John McCain slams President Trump for congratulating Russian President Vladimir Putin on his election win: ‚ÄúAn‚Ä¶ https://t.co/IUNWf0OXnW,43
244,-0.2263,Tue Mar 20 23:07:04 +0000 2018,0.095,0.905,CNN,0.0,Capitol Hill lawmakers are waiting anxiously for a $1.3 trillion spending bill to finally be released just days ahe‚Ä¶ https://t.co/EABHAwIAmn,44
245,-0.2732,Tue Mar 20 23:02:06 +0000 2018,0.123,0.877,CNN,0.0,This lone woman at a 1971 gathering of scientists sparked a flurry of amateur sleuthing on Twitter‚Ä¶ https://t.co/aO2fzUUYpm,45
246,0.0,Tue Mar 20 22:57:04 +0000 2018,0.0,1.0,CNN,0.0,"John Oliver's parody book about Vice President Mike Pence's family pet rabbit, Marlon Bundo, has sold out‚Ä¶ https://t.co/jm8BKDpJox",46
247,0.0,Tue Mar 20 22:52:04 +0000 2018,0.0,1.0,CNN,0.0,"There has been, on average, 1 school shooting every week this year https://t.co/W62G8EARHM https://t.co/y8sw1ljKWr",47
248,0.128,Tue Mar 20 22:51:03 +0000 2018,0.0,0.93,CNN,0.07,"RT @AC360: Exclusive: Karen McDougal, a former Playboy model who claims she had a 10-month affair with President Donald Trump, will speak w‚Ä¶",48
249,-0.5574,Tue Mar 20 22:47:04 +0000 2018,0.153,0.847,CNN,0.0,"Sudan, a northern white rhino and the last male of his subspecies, died Monday at the Ol Pejeta Conservancy in Keny‚Ä¶ https://t.co/AUqoY01747",49
250,-0.7096,Tue Mar 20 22:42:05 +0000 2018,0.335,0.545,CNN,0.12,"Facebook is confronting a crisis of public trust ""that is going to destroy the company,"" Mark Zuckerberg's former m‚Ä¶ https://t.co/jyozo56Zfa",50
251,0.0,Tue Mar 20 22:38:03 +0000 2018,0.0,1.0,CNN,0.0,"Amy Poehler's directorial debut will have wine and lots of ""SNL"" alums https://t.co/sPCHkb1n1U https://t.co/e4ef3AayV2",51
252,0.0,Tue Mar 20 22:32:07 +0000 2018,0.0,1.0,CNN,0.0,The Department of Health and Human Services has not updated the databases that show the public how much money the g‚Ä¶ https://t.co/CRsOm87zuM,52
253,0.4404,Tue Mar 20 22:28:10 +0000 2018,0.0,0.828,CNN,0.172,"You can buy a reproduction of the Wall Street ""Fearless Girl"" statue for $6,500 https://t.co/bXrdagLI8z https://t.co/IBP6E0KOxL",53
254,-0.802,Tue Mar 20 22:24:35 +0000 2018,0.339,0.661,CNN,0.0,A liberal group staffer was arrested last week and charged with assaulting an aide to Interior Secretary Ryan Zinke‚Ä¶ https://t.co/kgdx2COPuy,54
255,-0.6249,Tue Mar 20 22:10:09 +0000 2018,0.282,0.718,CNN,0.0,"3 Trump-related lawsuits: Porn star, Playboy model, harassment accuser | Analysis by CNN's Z. Byron Wolf‚Ä¶ https://t.co/tyE5kM0AKr",55
256,-0.0516,Tue Mar 20 22:05:09 +0000 2018,0.159,0.725,CNN,0.116,A family friend who took in the Parkland shooter says she forbid him to bring his guns into her home and warned pol‚Ä¶ https://t.co/fpfOQgL9am,56
257,-0.4019,Tue Mar 20 22:00:11 +0000 2018,0.153,0.847,CNN,0.0,Here's exactly how much trouble Cynthia Nixon can cause for Andrew Cuomo | Analysis by @CillizzaCNN‚Ä¶ https://t.co/mx4OV9VniK,57
258,-0.34,Tue Mar 20 21:55:05 +0000 2018,0.118,0.882,CNN,0.0,An overheated engine oil warning caused a helicopter with Ivanka Trump and Jared Kushner onboard to make an unsched‚Ä¶ https://t.co/geZlBZo7v1,58
259,-0.7184,Tue Mar 20 21:52:29 +0000 2018,0.24,0.76,CNN,0.0,The US Senate has blocked a war powers resolution that called for an end to US involvement in the Yemen conflict‚Ä¶ https://t.co/4W9T6HX2mu,59
260,-0.7579,Tue Mar 20 21:51:54 +0000 2018,0.289,0.711,CNN,0.0,At least 35 people were killed and scores wounded when a rocket struck a busy marketplace in a southeastern suburb‚Ä¶ https://t.co/utuiu9xmtr,60
261,0.4939,Tue Mar 20 21:50:06 +0000 2018,0.0,0.849,CNN,0.151,Photos of an Afghan woman who nursed her baby while simultaneously taking a high-stakes exam have inspired some soc‚Ä¶ https://t.co/4Z6ZVx3R66,61
262,0.0,Tue Mar 20 21:45:06 +0000 2018,0.0,1.0,CNN,0.0,"How Facebook, the ultimate disrupter, could be disrupted | By Emily Parker via @CNNOpinion https://t.co/bjfKUP84NS https://t.co/Rcf8lMRNvv",62
263,-0.802,Tue Mar 20 21:40:08 +0000 2018,0.324,0.676,CNN,0.0,Doctors have a duty not to make the opioid crisis worse | By Robert Klitzman via @CNNOpinion https://t.co/XKcPVrxJfS https://t.co/9pnMj1Fbkb,63
264,0.6808,Tue Mar 20 21:35:02 +0000 2018,0.095,0.62,CNN,0.285,Several justices at the Supreme Court seemed skeptical of free speech implications of a California law that require‚Ä¶ https://t.co/L3WkTLBTK2,64
265,-0.5719,Tue Mar 20 21:30:05 +0000 2018,0.227,0.773,CNN,0.0,"First lady Melania Trump addresses critics of her anti-cyberbullying campaign:  ""I have been criticized for my comm‚Ä¶ https://t.co/Hwdq6L6p9T",65
266,-0.5423,Tue Mar 20 21:25:06 +0000 2018,0.231,0.769,CNN,0.0,Republicans to Trump: Fire Mueller and risk ... not much | Analysis by CNN's Gregory Krieg https://t.co/kSFsAEBO4G https://t.co/DyUhIIr0fr,66
267,0.7096,Tue Mar 20 21:20:45 +0000 2018,0.0,0.731,CNN,0.269,Rep. Eric Swalwell on President Trump congratulating Vladimir Putin for winning the Russian election: It‚Äôs like con‚Ä¶ https://t.co/C5r2z0dwu1,67
268,0.1027,Tue Mar 20 21:19:25 +0000 2018,0.108,0.769,CNN,0.123,RT @CNNnewsroom: Stormy Daniels' friend Alana Evans says both she and Daniels have received threats from people formerly in the adult film‚Ä¶,68
269,0.0,Tue Mar 20 21:13:34 +0000 2018,0.0,1.0,CNN,0.0,"On Persian New Year, US President Trump slams Iranian rulers ""who serve themselves instead of serving the people""‚Ä¶ https://t.co/MNCOh24MbX",69
270,0.0,Tue Mar 20 21:10:44 +0000 2018,0.0,1.0,CNN,0.0,RT @TheLeadCNN: CNN's @jaketapper will interview former FBI Director James @Comey on April 19 https://t.co/uqLV47nwir https://t.co/9AzQsfVg‚Ä¶,70
271,0.7184,Tue Mar 20 21:09:27 +0000 2018,0.0,0.75,CNN,0.25,House Speaker Paul Ryan says special counsel Robert Mueller should be free to follow through his investigation to i‚Ä¶ https://t.co/tShzYdJpuQ,71
272,0.0,Tue Mar 20 21:01:40 +0000 2018,0.0,1.0,CNN,0.0,RT @TheLeadCNN: A package exploded at a FedEx facility just outside San Antonio early today; the FBI says it could be connected to the Aust‚Ä¶,72
273,0.0,Tue Mar 20 21:00:40 +0000 2018,0.0,1.0,CNN,0.0,"Cambridge Analytica, the data company Donald Trump's campaign hired during the 2016 presidential election, has been‚Ä¶ https://t.co/v4kDILMk5F",73
274,0.6369,Tue Mar 20 20:51:53 +0000 2018,0.0,0.743,CNN,0.257,"Senate Majority Leader Mitch McConnell defends special counsel Robert Mueller: ""I agree with the President's lawyer‚Ä¶ https://t.co/IzFfH5shiw",74
275,0.5859,Tue Mar 20 20:47:13 +0000 2018,0.0,0.817,CNN,0.183,Sen. John McCain slams President Trump for congratulating Russian President Vladimir Putin on his election win: ‚ÄúAn‚Ä¶ https://t.co/jMOw7Judnu,75
276,0.5267,Tue Mar 20 20:46:28 +0000 2018,0.0,0.793,CNN,0.207,President Trump says he congratulated Vladimir Putin on winning the Russian presidential election‚Ä¶ https://t.co/LcOhHaTJLv,76
277,0.0,Tue Mar 20 20:36:25 +0000 2018,0.0,1.0,CNN,0.0,"Just one day after Mississippi's governor signed a law banning abortions after 15 weeks, a federal judge issued an‚Ä¶ https://t.co/eji2mJZOaX",77
278,0.0,Tue Mar 20 20:31:36 +0000 2018,0.0,1.0,CNN,0.0,"""Seven months on from peak buzz regarding Zuckerberg's presidential possibilities -- which hit around August 2017 -‚Ä¶ https://t.co/2frOSbJIZS",78
279,0.5267,Tue Mar 20 20:28:22 +0000 2018,0.0,0.848,CNN,0.152,RT @TheLeadCNN: President Trump says he congratulated Vladimir Putin on winning the Russian presidential election. Trump also spoke of a po‚Ä¶,79
280,0.0,Tue Mar 20 20:26:30 +0000 2018,0.0,1.0,CNN,0.0,"The rapid response of a Maryland school's sole resource officer, Blaine Gaskill, was instrumental in bringing a sho‚Ä¶ https://t.co/nbhyaIjy6y",80
281,0.0,Tue Mar 20 20:15:15 +0000 2018,0.0,1.0,CNN,0.0,The FTC is sending a letter to Facebook with questions about how the social media company allowed the data of more‚Ä¶ https://t.co/trfXRMMSQD,81
282,-0.296,Tue Mar 20 20:12:08 +0000 2018,0.136,0.864,CNN,0.0,Regulators and lawmakers up the pressure on Facebook over user data and privacy https://t.co/plzB1FhU2g https://t.co/cxw7cATUvd,82
283,0.4019,Tue Mar 20 19:58:53 +0000 2018,0.0,0.886,CNN,0.114,Stormy Daniels replied yes to all three questions in the polygraph test she took. The first two were analyzed to be‚Ä¶ https://t.co/KQS6lbEACX,83
284,0.0,Tue Mar 20 19:46:18 +0000 2018,0.0,1.0,CNN,0.0,"Stormy Daniels' polygraph confirms she had sex with Donald Trump, according to a 2011 report from the test‚Ä¶ https://t.co/cPRWIIrwFI",84
285,0.6369,Tue Mar 20 19:32:09 +0000 2018,0.0,0.802,CNN,0.198,"Cambridge Analytica, the embattled data analytics company best known for its work on President Trump's campaign, ha‚Ä¶ https://t.co/5TmS0KHPYE",85
286,0.0,Tue Mar 20 19:29:06 +0000 2018,0.0,1.0,CNN,0.0,"KB Toys aims to fill the void that Toys ""R"" Us is leaving behind https://t.co/ZrMwJCXENE https://t.co/W2tMTRvIHC",86
287,0.0,Tue Mar 20 19:23:46 +0000 2018,0.0,1.0,CNN,0.0,"RT @CNNnewsroom: ""We're talking about someone that has experience with these devices, and has...maybe, a scientific mind"" - Former FBI Spec‚Ä¶",87
288,0.0,Tue Mar 20 19:22:05 +0000 2018,0.0,1.0,CNN,0.0,Fed up with Facebook? Here's what you need to know about protecting your data https://t.co/xXDmutBNyR https://t.co/o558X8vRkK,88
289,0.128,Tue Mar 20 19:17:42 +0000 2018,0.0,0.919,CNN,0.081,"Former GOP White House official Peter Wehner says evangelicals' mulligan defense of President Trump is ""complete hy‚Ä¶ https://t.co/Dmn55fWfiO",89
290,0.3182,Tue Mar 20 19:10:09 +0000 2018,0.063,0.814,CNN,0.122,Market analysts warn that the stock market could be impacted if President Trump tries to oust special counsel Rober‚Ä¶ https://t.co/jH8o0jdGye,90
291,-0.1027,Tue Mar 20 19:04:31 +0000 2018,0.069,0.931,CNN,0.0,"California Rep. Barbara Lee says Education Secretary Betsy DeVos' ""head is in the sand"" regarding racial bias and d‚Ä¶ https://t.co/yAQuCBJBvG",91
292,0.0,Tue Mar 20 19:00:15 +0000 2018,0.0,1.0,CNN,0.0,"""Black Panther"" is the the most-tweeted about movie of all time, Twitter says https://t.co/3BqCoaCuHI https://t.co/ZAZSYeWIEC",92
293,-0.5994,Tue Mar 20 18:55:04 +0000 2018,0.157,0.843,CNN,0.0,Wreckage from the USS Juneau -- a World War II cruiser sunk by a Japanese torpedo in 1942 -- has been discovered by‚Ä¶ https://t.co/wn8aLW7516,93
294,0.4767,Tue Mar 20 18:50:04 +0000 2018,0.0,0.838,CNN,0.162,The Senate Intelligence Committee has released a bipartisan list of recommendations to states and the federal gover‚Ä¶ https://t.co/BiogMj6zO5,94
295,0.0,Tue Mar 20 18:45:07 +0000 2018,0.0,1.0,CNN,0.0,Why your next work meeting could be outside https://t.co/kgrjuJ8dbB https://t.co/oglkMUaf2W,95
296,0.0,Tue Mar 20 18:40:09 +0000 2018,0.0,1.0,CNN,0.0,Kids 50 years ago almost never drew scientists as women. Now they do almost a third of the time.‚Ä¶ https://t.co/VwkKnfj2Oo,96
297,-0.3818,Tue Mar 20 18:36:58 +0000 2018,0.098,0.902,CNN,0.0,RT @CNNweather: How about this for the first day of #Spring. The fourth nor'easter in three weeks has the possibility to dump more snow on‚Ä¶,97
298,0.0,Tue Mar 20 18:35:08 +0000 2018,0.0,1.0,CNN,0.0,"Secretary Ben Carson detailed his wife's involvement in picking out a dining room set for his office, saying that s‚Ä¶ https://t.co/efx94WEVUy",98
299,-0.4939,Tue Mar 20 18:30:14 +0000 2018,0.198,0.802,CNN,0.0,"I tweeted about diversity and got hammered by haters, @djrothkopf writes for @CNNopinion https://t.co/OUn6nmGOSo https://t.co/AVQJAm4tvB",99
300,0.0,Wed Mar 21 03:43:26 +0000 2018,0.0,1.0,FoxNews,0.0,Government shuts down for third time this year if lawmakers don't pass spending bill https://t.co/KboH4IRPAG https://t.co/mExZmJ1w1J,0
301,0.5994,Wed Mar 21 03:38:02 +0000 2018,0.0,0.692,FoxNews,0.308,"House GOP leaders McCarthy, Scalise join calls for second special counsel https://t.co/4mNPCakvKX https://t.co/5aijCe7PE4",1
302,0.8462,Wed Mar 21 03:34:41 +0000 2018,0.056,0.6,FoxNews,0.344,"""Live your lives normally, but make sure you pay attention to your surroundings... Make sure you're safe and not so‚Ä¶ https://t.co/61XFJJb0dr",2
303,-0.5574,Wed Mar 21 03:27:22 +0000 2018,0.167,0.833,FoxNews,0.0,"Illegal immigrants, who dodged California ICE raid after Dem mayor's tip-off, re-arrested for new crimes, per ICE o‚Ä¶ https://t.co/tqrYC3gNPZ",3
304,0.0,Wed Mar 21 03:20:19 +0000 2018,0.0,1.0,FoxNews,0.0,Deputy First Class Blaine Gaskill of the St. Mary's County Sheriff's Office was the school resource officer who eng‚Ä¶ https://t.co/ThSu0efPNM,4
305,-0.5267,Wed Mar 21 03:19:42 +0000 2018,0.236,0.764,FoxNews,0.0,Incendiary device found in package at Austin Goodwill; 1 man hurt https://t.co/Nwfi5eLe6N https://t.co/BkYf0LVjJJ,5
306,0.0,Wed Mar 21 03:11:34 +0000 2018,0.0,1.0,FoxNews,0.0,".@RepBrianMast on Austin bomber: ""It takes a little bit of guts to go out and do it because you're dealing with som‚Ä¶ https://t.co/jL3XsegKyw",6
307,0.0,Wed Mar 21 03:08:39 +0000 2018,0.0,1.0,FoxNews,0.0,".@BryanLlenas reports from Puerto Rico as electricity is slowly, but finally coming back on six months after Hurric‚Ä¶ https://t.co/wgZKDAs0M9",7
308,0.0,Wed Mar 21 03:04:12 +0000 2018,0.0,1.0,FoxNews,0.0,Germany at odds with US on condemning Hezbollah in Iran talks (via @BenWeinthal) https://t.co/Oz8VS1YxPD,8
309,0.3182,Wed Mar 21 03:02:28 +0000 2018,0.0,0.874,FoxNews,0.126,".@SteveScalise: ""If you look at this bill, @POTUS will have the ability to defund sanctuary cities.""‚Ä¶ https://t.co/u6LS8cQtZ3",9
310,0.0,Wed Mar 21 03:02:14 +0000 2018,0.0,1.0,FoxNews,0.0,"Coast Guard seizes 36,000 lbs. of cocaine during Pacific drug patrol https://t.co/2vrZbgom0x",10
311,0.0,Wed Mar 21 02:47:59 +0000 2018,0.0,1.0,FoxNews,0.0,"Official: ‚ÄúAfter our investigation on scene, we did determine that this was not an explosive device. This incident‚Ä¶ https://t.co/G74JHpOCaD",11
312,0.3612,Wed Mar 21 02:45:15 +0000 2018,0.0,0.878,FoxNews,0.122,Official: ‚Äú[The package] had two small devices that were artillery simulators that looked like some type of militar‚Ä¶ https://t.co/Ow3cFoE4P9,12
313,0.0,Wed Mar 21 02:39:02 +0000 2018,0.0,1.0,FoxNews,0.0,.@Austin_Police officials provide a statement on an incendiary device discovered at @AustinGoodwill Tuesday night t‚Ä¶ https://t.co/jUbNhXmCL6,13
314,0.0,Wed Mar 21 02:31:30 +0000 2018,0.0,1.0,FoxNews,0.0,"Terry Turchie: ""In a lot of these cases, the police themselves, law enforcement, they're the first on the scene, th‚Ä¶ https://t.co/wuT9nIMokF",14
315,0.0,Wed Mar 21 02:10:53 +0000 2018,0.0,1.0,FoxNews,0.0,".@caseystegall reports from Austin, Texas: ""It is a city on edge. People just don't know where the next call will c‚Ä¶ https://t.co/8rbz0Wp9cT",15
316,0.128,Wed Mar 21 01:59:44 +0000 2018,0.092,0.795,FoxNews,0.113,"Manny Gomez, Former FBI Special Agent on Austin, Texas package device suspect: ‚ÄúMy concern is when they zero in on‚Ä¶ https://t.co/uT1qBrq3F5",16
317,-0.296,Wed Mar 21 01:37:44 +0000 2018,0.115,0.885,FoxNews,0.0,"Texas Attorney General @KenPaxtonTX on Austin, Texas package device suspect: ‚ÄúThere‚Äôs a lot of people looking for t‚Ä¶ https://t.co/7AE5vJQFgB",17
318,0.4019,Wed Mar 21 01:27:28 +0000 2018,0.0,0.876,FoxNews,0.124,"Manny Gomez, Former FBI Special Agent on incendiary device found in Austin, Texas: ‚ÄúCould it be a copycat that does‚Ä¶ https://t.co/tgaWGWRf7d",18
319,-0.2411,Wed Mar 21 01:19:34 +0000 2018,0.116,0.884,FoxNews,0.0,".@dbongino on Austin, Texas package devices: ‚ÄúI‚Äôm not sure this is one person.‚Äù #Hannity https://t.co/PTtRDo1Hr3 https://t.co/HiQks0KwHb",19
320,-0.5267,Wed Mar 21 01:16:58 +0000 2018,0.236,0.764,FoxNews,0.0,UPDATE: Incendiary device found in package at Austin Goodwill; 1 man hurt https://t.co/PTtRDo1Hr3,20
321,0.0,Wed Mar 21 00:55:45 +0000 2018,0.0,1.0,FoxNews,0.0,"UPDATE: Package explosion at Austin Goodwill injures 1 man, sends feds racing https://t.co/DkEsgQlEfG",21
322,-0.1531,Wed Mar 21 00:45:06 +0000 2018,0.118,0.882,FoxNews,0.0,"RT @MikeEmanuelFox: Deadline looms as Congress works on funding bill-from #SpecialReport tonight:

https://t.co/Qrvvg0zT7n",22
323,0.5574,Wed Mar 21 00:40:00 +0000 2018,0.0,0.714,FoxNews,0.286,.@POTUS: ‚ÄúWe always proudly stand for our national anthem.‚Äù https://t.co/0oqDWyCjkl,23
324,0.6369,Wed Mar 21 00:34:00 +0000 2018,0.0,0.682,FoxNews,0.318,".@POTUS: ‚ÄúThe economy‚Äôs, maybe, the best it‚Äôs ever been.‚Äù https://t.co/Up4A0VgLyo",24
325,-0.5267,Wed Mar 21 00:29:00 +0000 2018,0.221,0.779,FoxNews,0.0,BREAKING: At least 1 hurt in new reported package explosion in southwestern Austin  https://t.co/Ry3kWMtnWH,25
326,0.0,Wed Mar 21 00:16:54 +0000 2018,0.0,1.0,FoxNews,0.0,".@POTUS: ‚ÄúSo many companies are moving back [to the U.S.]. They‚Äôre moving back, first time in many, many decades.‚Äù https://t.co/MMnvtgzo7X",26
327,0.0,Wed Mar 21 00:13:32 +0000 2018,0.0,1.0,FoxNews,0.0,".@POTUS: ‚ÄúWe have to have the wall for the drugs that are pouring into our country, and for the people that we don‚Äô‚Ä¶ https://t.co/ZJvrdVkgzk",27
328,0.6705,Wed Mar 21 00:01:59 +0000 2018,0.0,0.756,FoxNews,0.244,".@POTUS: ‚ÄúFor the last 8 years, Democrats apologized for America. Republicans, on the other hand, are standing up f‚Ä¶ https://t.co/CkpPWDyOxW",28
329,0.8807,Tue Mar 20 23:58:54 +0000 2018,0.0,0.588,FoxNews,0.412,".@POTUS: ""America is safer and America is much stronger. Our military is now better funded, better equipped, and be‚Ä¶ https://t.co/JvSncRwMke",29
330,-0.7902,Tue Mar 20 23:52:31 +0000 2018,0.304,0.696,FoxNews,0.0,".@POTUS: ""Republicans also repealed one of the nation's cruelest and most unfair taxes ever: the ObamaCare individu‚Ä¶ https://t.co/Cczltpu16l",30
331,0.3818,Tue Mar 20 23:47:45 +0000 2018,0.0,0.753,FoxNews,0.247,".@POTUS: ""[Democrats] want to increase taxes. Maybe they'll call that tax reform."" https://t.co/cTseGH2j7v",31
332,0.3182,Tue Mar 20 23:40:01 +0000 2018,0.0,0.858,FoxNews,0.142,".@POTUS: ""We've created more than three million new jobs since the election and if we would have said that number p‚Ä¶ https://t.co/FmBdqpL2a5",32
333,0.7841,Tue Mar 20 23:37:36 +0000 2018,0.0,0.712,FoxNews,0.288,".@POTUS: ""Our Republican majority is one of the most successful in the history of the United States Congress."" https://t.co/GVpvgZehEl",33
334,0.0,Tue Mar 20 23:28:46 +0000 2018,0.0,1.0,FoxNews,0.0,".@SpeakerRyan on @GOP message for constituents: ""If you re-elect us we will continue to push this economy higher, w‚Ä¶ https://t.co/KOvm2CNwUs",34
335,0.7579,Tue Mar 20 23:23:33 +0000 2018,0.0,0.723,FoxNews,0.277,".@SpeakerRyan: ""Six million workers have received bonuses thanks to this [tax] law. These are real dollars that wor‚Ä¶ https://t.co/m1yFCjADvW",35
336,0.7717,Tue Mar 20 23:15:56 +0000 2018,0.0,0.739,FoxNews,0.261,".@SpeakerRyan: ""A year ago we came together and we talked about all the great things that this new, unified Republi‚Ä¶ https://t.co/zEDkkS8hPU",36
337,0.0,Tue Mar 20 23:12:42 +0000 2018,0.0,1.0,FoxNews,0.0,.@POTUS delivers remarks at the National Republican Congressional Committee March Dinner. https://t.co/SxjXuLvEEU,37
338,0.0,Tue Mar 20 23:09:00 +0000 2018,0.0,1.0,FoxNews,0.0,RT @BretBaier: On April 26th I will sit down with former FBI Director  James Comey--tweet your questions for @Comey to me here. #SpecialRep‚Ä¶,38
339,-0.2732,Tue Mar 20 23:06:24 +0000 2018,0.202,0.656,FoxNews,0.142,"#Trump lambasts Dems on sanctuary cities, saying their 'priority is to protect criminals' https://t.co/kC4KcKi1AV",39
340,-0.2006,Tue Mar 20 23:02:36 +0000 2018,0.101,0.899,FoxNews,0.0,".@JonahNRO: ""The administration actually has been quite tough on Russia. Donald Trump hasn't been rhetorically, and‚Ä¶ https://t.co/4vEzjH3Fsh",40
341,-0.1027,Tue Mar 20 22:49:36 +0000 2018,0.104,0.896,FoxNews,0.0,'Don't Go There': @JeffFlake Warns of Impeachment Proceedings If #Trump Fires Mueller https://t.co/K0GtBPceow,41
342,0.0,Tue Mar 20 22:44:04 +0000 2018,0.0,1.0,FoxNews,0.0,".@BretBaier asks Saudi Foreign Minister Adel al-Jubeir, ""Will Saudi [Arabia] become a nuclear power?""‚Ä¶ https://t.co/NeznvHOtQ1",42
343,0.4019,Tue Mar 20 22:37:41 +0000 2018,0.0,0.863,FoxNews,0.137,"""We support President #Trump's policies, with regards to Iran, completely. We believe they are the right policies.‚Ä¶ https://t.co/zVxeqVnZrw",43
344,0.0,Tue Mar 20 22:28:52 +0000 2018,0.0,1.0,FoxNews,0.0,Deputy First Class Blaine Gaskill of the St. Mary's County Sheriff's Office was the school resource officer who eng‚Ä¶ https://t.co/z6SOIcZedu,44
345,0.6249,Tue Mar 20 22:25:23 +0000 2018,0.0,0.733,FoxNews,0.267,"""President #Trump deserves a lot of credit for taking the Saudi-American relationship to greater heights."" ‚Äî Saudi‚Ä¶ https://t.co/bMBEErWVQj",45
346,0.0,Tue Mar 20 22:11:14 +0000 2018,0.0,1.0,FoxNews,0.0,Stormy Daniels offers proof she passed polygraph as Playboy model Karen McDougal sues to end silence on #Trump https://t.co/GN2CbkuMJc,46
347,0.296,Tue Mar 20 22:07:04 +0000 2018,0.0,0.885,FoxNews,0.115,".@FLOTUS: ""I‚Äôm here with one goal: helping children in our next generation."" At a roundtable on cyberbullying Tuesd‚Ä¶ https://t.co/lFyfHxx6nr",47
348,0.3612,Tue Mar 20 21:56:58 +0000 2018,0.0,0.878,FoxNews,0.122,.@JesseBWatters: ‚ÄúI still like the idea of humans driving because I think driving involves the human touch. It invo‚Ä¶ https://t.co/thZfAAFaW7,48
349,-0.6249,Tue Mar 20 21:45:22 +0000 2018,0.204,0.796,FoxNews,0.0,.@cvpayne on @foxandfriends: ‚ÄúEverywhere where progressives have been in control‚Ä¶they are the worst places in this‚Ä¶ https://t.co/f3NPwAqdZR,49
350,-0.296,Tue Mar 20 21:37:41 +0000 2018,0.104,0.896,FoxNews,0.0,".@kimguilfoyle on law enforcement response to Parkland suspect: ‚ÄúIf the intention is there, and you do not see that‚Ä¶ https://t.co/npAlC15KR1",50
351,-0.5994,Tue Mar 20 21:29:32 +0000 2018,0.245,0.755,FoxNews,0.0,"100-year-old runner, a World War II vet, sets five new world track records https://t.co/0mJ8ZVGtX4",51
352,-0.7845,Tue Mar 20 21:17:59 +0000 2018,0.353,0.509,FoxNews,0.138,".@JesseBWatters on potential Texas package bomb suspect: ‚ÄúTo me, it looks like a serial killer that doesn‚Äôt want to‚Ä¶ https://t.co/vOL9BCwUUn",52
353,-0.2023,Tue Mar 20 21:08:59 +0000 2018,0.167,0.833,FoxNews,0.0,Jim Carrey's latest controversial painting goes after Mark Zuckerberg https://t.co/YPEmosnQGI,53
354,-0.5574,Tue Mar 20 20:54:42 +0000 2018,0.167,0.833,FoxNews,0.0,"Illegal immigrants, who dodged California ICE raid after Dem mayor's tip-off, re-arrested for new crimes, per ICE o‚Ä¶ https://t.co/gmpgLGLOjn",54
355,-0.2023,Tue Mar 20 20:44:34 +0000 2018,0.141,0.859,FoxNews,0.0,Man charged after child pornography stash found in remote 'gingerbread treehouse' https://t.co/35pWbMICN6,55
356,0.0,Tue Mar 20 20:27:08 +0000 2018,0.0,1.0,FoxNews,0.0,MA Lawmaker: Rename 'General Hooker' Entrance at State House https://t.co/Sg4BFJ5NBT,56
357,-0.34,Tue Mar 20 20:24:28 +0000 2018,0.124,0.876,FoxNews,0.0,".@RandPaul on politicization of the @FBI: ""I think that people are doubting the Mueller investigation, they're doub‚Ä¶ https://t.co/Z7g1z0k3ZV",57
358,-0.0772,Tue Mar 20 20:15:04 +0000 2018,0.141,0.738,FoxNews,0.121,Pennsylvania college student's body found at base of 'significant drop' in Bermuda https://t.co/u63tB1YkCV,58
359,0.186,Tue Mar 20 20:12:41 +0000 2018,0.101,0.768,FoxNews,0.131,"O'Toole on TX serial bomber: ""When you see someone who's escalated in their activity, they can make mistakes and th‚Ä¶ https://t.co/9ZnQE8bZHf",59
360,-0.4215,Tue Mar 20 20:00:03 +0000 2018,0.152,0.784,FoxNews,0.064,.@PressSec: ‚ÄúSanctuary cities are a dangerous thing‚Ä¶When cities start picking and choosing laws that they want to f‚Ä¶ https://t.co/1IftAhvZ11,60
361,0.0,Tue Mar 20 19:48:00 +0000 2018,0.0,1.0,FoxNews,0.0,Cambridge Analytica suspends CEO amid ongoing investigation https://t.co/cZahhrIwBK,61
362,-0.6705,Tue Mar 20 19:40:00 +0000 2018,0.478,0.522,FoxNews,0.0,Judge temporarily blocks Mississippi's 15-week abortion ban https://t.co/lICLjs5Jkg,62
363,0.0,Tue Mar 20 19:33:00 +0000 2018,0.0,1.0,FoxNews,0.0,Standoff underway with gunman at Panera Bread near Princeton University https://t.co/17HF0KDZpc,63
364,-0.4019,Tue Mar 20 19:25:13 +0000 2018,0.172,0.828,FoxNews,0.0,"Southern California town stands up to state, votes to reject sanctuary law https://t.co/UCWhWd0DR2 https://t.co/MaTtdjwTLd",64
365,0.0,Tue Mar 20 19:20:15 +0000 2018,0.0,1.0,FoxNews,0.0,"Obama 2012 campaign 'sucked' data from Facebook, former official says https://t.co/uwr2aNQvJm",65
366,0.0,Tue Mar 20 19:04:13 +0000 2018,0.0,1.0,FoxNews,0.0,"Texas bomber is 'very sick,' 'we will get to the bottom of it,' #Trump says
  https://t.co/aMQSluJKd8",66
367,0.3818,Tue Mar 20 18:54:48 +0000 2018,0.0,0.885,FoxNews,0.115,".@POTUS: ""My priority and the priority of my administration is to serve, protect, and defend the citizens of the Un‚Ä¶ https://t.co/R8dS17CB2W",67
368,-0.2732,Tue Mar 20 18:31:45 +0000 2018,0.182,0.69,FoxNews,0.128,".@POTUS: ""Democrats' priority is to protect criminals, not to do what's right for our country."" https://t.co/fTUaDMFjPQ",68
369,0.4404,Tue Mar 20 18:29:18 +0000 2018,0.0,0.775,FoxNews,0.225,".@POTUS on sanctuary cities: ""We're looking to have safe cities."" https://t.co/6AY6AcDl2k",69
370,0.6124,Tue Mar 20 18:28:09 +0000 2018,0.0,0.737,FoxNews,0.263,".@POTUS: ""Sanctuary cities and states like California put Americans at the mercy of hardened criminals."" https://t.co/Eu5NBfRrHc",70
371,0.0,Tue Mar 20 18:23:08 +0000 2018,0.0,1.0,FoxNews,0.0,.@POTUS hosts a law enforcement roundtable on sanctuary cities https://t.co/glcoatPpJ0,71
372,0.1761,Tue Mar 20 18:15:32 +0000 2018,0.095,0.779,FoxNews,0.125,.@PressSec: ‚ÄúThe president has been very clear about the fact that there was no collusion between his campaign and‚Ä¶ https://t.co/pegl4CWkF6,72
373,0.0772,Tue Mar 20 18:10:43 +0000 2018,0.0,0.885,FoxNews,0.115,.@PressSec: ‚ÄúWe want to continue to have a dialogue with Russia.‚Äù https://t.co/yMGUy8RMq6,73
374,-0.3182,Tue Mar 20 18:09:42 +0000 2018,0.119,0.881,FoxNews,0.0,.@PressSec on Texas bombings and Maryland school shooting: ‚ÄúOur thoughts and prayers are with the victims involved‚Ä¶ https://t.co/ktpF9xU9DW,74
375,-0.5267,Tue Mar 20 18:04:57 +0000 2018,0.167,0.833,FoxNews,0.0,.@PressSec: ‚ÄúSanctuary jurisdictions release thousands of criminal aliens out of our prisons and jails and back int‚Ä¶ https://t.co/7gRmhrSju7,75
376,0.4767,Tue Mar 20 18:01:27 +0000 2018,0.0,0.846,FoxNews,0.154,"RT @FoxBusiness: .@PressSec: ""The @POTUS was proud to issue a proclamation declaring today the 45th annual Ag Day."" https://t.co/gLBI1Ezdms",76
377,0.0,Tue Mar 20 17:54:26 +0000 2018,0.0,1.0,FoxNews,0.0,.@PressSec Sarah Sanders holds a briefing.  https://t.co/jrv6A3E2QF,77
378,0.0,Tue Mar 20 17:45:00 +0000 2018,0.0,1.0,FoxNews,0.0,"Trump: Texas bomber is 'very sick,' says 'we will get to the bottom of it' https://t.co/SbphlBjk9v https://t.co/B6wwp7YDu6",78
379,-0.3182,Tue Mar 20 17:42:56 +0000 2018,0.161,0.839,FoxNews,0.0,VIDEO: Tempers Flare as California City Opts Out of State's Sanctuary Law https://t.co/3OqABttkCi,79
380,-0.4767,Tue Mar 20 17:30:21 +0000 2018,0.22,0.78,FoxNews,0.0,Maryland Governor @LarryHogan: ‚ÄúOur hearts are broken. We‚Äôre extremely saddened.‚Äù https://t.co/fQM8o6NGry https://t.co/jwVQXV9O6r,80
381,0.0,Tue Mar 20 17:24:57 +0000 2018,0.0,1.0,FoxNews,0.0,News conference underway on Maryland school shooting https://t.co/fQM8o6NGry https://t.co/yln8IxxNZb,81
382,-0.7184,Tue Mar 20 17:15:44 +0000 2018,0.261,0.739,FoxNews,0.0,"Breaking News: Minneapolis cop who fatally shot unarmed Australian woman in 2017 turns himself in, charged with mur‚Ä¶ https://t.co/CpmXiihkWq",82
383,0.0,Tue Mar 20 17:03:09 +0000 2018,0.0,1.0,FoxNews,0.0,"RT @EricShawnTV: If @POTUS @realDonaldTrump fires #RobertMueller, @TheDemocrats Rep. @RepSwalwell tells @FoxNews: ""Americans would take to‚Ä¶",83
384,0.0,Tue Mar 20 16:53:01 +0000 2018,0.0,1.0,FoxNews,0.0,.@jasoninthehouse: ‚ÄúI don‚Äôt believe that Jeff Sessions is up to the job. I think the attorney general is inept and‚Ä¶ https://t.co/KtkLqzkrFb,84
385,0.0,Tue Mar 20 16:44:26 +0000 2018,0.0,1.0,FoxNews,0.0,"JUST IN: @POTUS: Texas bomber is 'very sick,' says 'we will get to the bottom of it' https://t.co/X6tqZknk4Z",85
386,-0.5994,Tue Mar 20 16:37:16 +0000 2018,0.262,0.738,FoxNews,0.0,"100-year-old runner, a World War II vet, sets 5 new world track records https://t.co/0mJ8ZVGtX4",86
387,0.0,Tue Mar 20 16:35:08 +0000 2018,0.0,1.0,FoxNews,0.0,".@POTUS: ‚ÄúI had a call with President Putin and congratulated him on the victory, his electoral victory‚Ä¶ We will pr‚Ä¶ https://t.co/NGgamhJmKt",87
388,-0.5956,Tue Mar 20 16:31:46 +0000 2018,0.185,0.815,FoxNews,0.0,".@POTUS: ‚ÄúThe bombings in Austin are terrible‚Ä¶ This is obviously a very, very sick individual or maybe individuals.‚Äù https://t.co/mwzDwHD6gg",88
389,0.0,Tue Mar 20 16:05:37 +0000 2018,0.0,1.0,FoxNews,0.0,College student reinstated after 18-day exile from Christianity class for gender speech (via @calebparke) https://t.co/BGlUJQvOVa,89
390,0.0,Tue Mar 20 16:03:24 +0000 2018,0.0,1.0,FoxNews,0.0,First day of spring arrives: 5 things to know about the vernal equinox https://t.co/JOBsioj868,90
391,0.674,Tue Mar 20 16:00:54 +0000 2018,0.08,0.623,FoxNews,0.297,OPINION: Supreme Court should not allow California to force pro-life pregnancy centers to promote abortion https://t.co/BcQ2tnQo5l,91
392,0.7506,Tue Mar 20 15:54:47 +0000 2018,0.0,0.632,FoxNews,0.368,.@Walmart customer's kind gesture for veteran goes viral: 'I'm grateful for you' https://t.co/ILmK3OL7Eu,92
393,0.5994,Tue Mar 20 15:46:17 +0000 2018,0.0,0.671,FoxNews,0.329,"House GOP leaders McCarthy, Scalise join calls for second special counsel https://t.co/4mNPCakvKX",93
394,-0.4215,Tue Mar 20 15:46:00 +0000 2018,0.268,0.606,FoxNews,0.126,"Silence from Zuckerberg, Sandberg on Facebook scandal like putting 'gasoline on the fire' https://t.co/DDmREhgSaF‚Ä¶ https://t.co/iEzajw3ELX",94
395,-0.34,Tue Mar 20 15:44:38 +0000 2018,0.156,0.844,FoxNews,0.0,Man with gun reported at Panera Bread restaurant near Princeton University (via: @luciasuarezsang) https://t.co/4tG0INB8d5,95
396,-0.4404,Tue Mar 20 15:41:32 +0000 2018,0.29,0.539,FoxNews,0.17,"JUST IN: Shooter dead, two injured after shooting at Great Mills High School in Maryland https://t.co/PR7p3gulEQ",96
397,0.0,Tue Mar 20 15:34:29 +0000 2018,0.0,1.0,FoxNews,0.0,Officials give an update on the school shooting in Maryland https://t.co/fQM8o6NGry https://t.co/FkV7sdojWv,97
398,-0.128,Tue Mar 20 15:28:00 +0000 2018,0.168,0.694,FoxNews,0.139,"Facebook data scandal: Social network's security chief in spotlight, reportedly leaving this year‚Ä¶ https://t.co/7a8acG1dsQ",98
399,-0.25,Tue Mar 20 15:18:24 +0000 2018,0.2,0.8,FoxNews,0.0,Expelled Russian diplomats begin trek back to Moscow https://t.co/jfxuSx4KFH,99
400,0.0,Wed Mar 21 03:48:24 +0000 2018,0.0,1.0,nytimes,0.0,Gov. Bruce Rauner and J.B. Pritzker to Face Off in Illinois https://t.co/leb2UjFlcC,0
401,-0.4767,Wed Mar 21 03:43:43 +0000 2018,0.204,0.796,nytimes,0.0,Illinois Gov. Bruce Rauner prevailed in a tough battle for the Republican nomination. He will face Democratic nomin‚Ä¶ https://t.co/uTM5FZnmnj,1
402,0.5106,Wed Mar 21 03:41:04 +0000 2018,0.0,0.829,nytimes,0.171,"RT @tminsberg: Evan Strong has earned every title in adaptive snowboarding. So what now? 

""The Olympics."" 

https://t.co/1wfIWb5lRy",2
403,0.0,Wed Mar 21 03:32:07 +0000 2018,0.0,1.0,nytimes,0.0,Illinois primary election live results https://t.co/ytFGAdLBBC,3
404,0.0,Wed Mar 21 03:23:03 +0000 2018,0.0,1.0,nytimes,0.0,RT @liamstack: A neo-Nazi who ran unopposed in the primary is now officially the Republican congressional nominee for a district that conta‚Ä¶,4
405,0.0,Wed Mar 21 03:18:06 +0000 2018,0.0,1.0,nytimes,0.0,"At 26, the Cuban artist Belkis Ay√≥n was invited to show at the Venice Biennale in Italy. But first, she had to get‚Ä¶ https://t.co/zfWGyaSuf9",5
406,0.0,Wed Mar 21 03:02:06 +0000 2018,0.0,1.0,nytimes,0.0,"Ralph Peters, a retired lieutenant colonel, quit his job as an analyst at Fox News, saying he was ""ashamed"" of what‚Ä¶ https://t.co/Ye8MhwaAVg",6
407,0.0,Wed Mar 21 02:48:05 +0000 2018,0.0,1.0,nytimes,0.0,"As the manhunt for a serial bomber in Austin, Texas, continues, officials said an ""incendiary device"" reported Tues‚Ä¶ https://t.co/mEMRYMeIyr",7
408,-0.2263,Wed Mar 21 02:32:03 +0000 2018,0.095,0.905,nytimes,0.0,A New York State judge ruled that a former contestant on ‚ÄúThe Apprentice‚Äù can proceed with her lawsuit against Pres‚Ä¶ https://t.co/zzpDTPJHKg,8
409,0.0,Wed Mar 21 02:17:04 +0000 2018,0.0,1.0,nytimes,0.0,"RT @nytpolitics: In preparing President Trump for his call with Vladimir Putin, an aide wrote on his briefing materials, ‚ÄúDO NOT CONGRATULA‚Ä¶",9
410,0.0,Wed Mar 21 02:02:03 +0000 2018,0.0,1.0,nytimes,0.0,Illinois primary election live results https://t.co/LHBdHTt5BE,10
411,-0.1027,Wed Mar 21 01:47:05 +0000 2018,0.069,0.931,nytimes,0.0,"‚ÄúYour head is in the sand about racial bias and racial discrimination,‚Äù Rep. Barbara Lee said to Education Secretar‚Ä¶ https://t.co/C3CJyHxWyC",11
412,0.5859,Wed Mar 21 01:32:04 +0000 2018,0.0,0.769,nytimes,0.231,Just 2 female northern white rhinos remain. But scientists are hoping to resurrect the population with advanced ste‚Ä¶ https://t.co/WzuRArbdZq,12
413,0.0,Wed Mar 21 01:18:06 +0000 2018,0.0,1.0,nytimes,0.0,"It was Charlie Bucket‚Äôs first trip to the movies ‚Äî to see ‚ÄúIsle of Dogs.‚Äù Looking sharp in a flowered bow tie, he g‚Ä¶ https://t.co/aqYIPbzs6X",13
414,-0.4404,Wed Mar 21 01:07:08 +0000 2018,0.213,0.684,nytimes,0.103,"RT @NYTNational: The Illinois Republican Party chairman denounced Arthur Jones as ""a Nazi whose disgusting, bigoted views have no place in‚Ä¶",14
415,0.0,Wed Mar 21 01:02:07 +0000 2018,0.0,1.0,nytimes,0.0,Evening Briefing: Here's what you need to know at the end of the day https://t.co/qYnfxZtXpd,15
416,0.0,Wed Mar 21 00:48:06 +0000 2018,0.0,1.0,nytimes,0.0,Illinois primary election live results https://t.co/xRH0fGJRIU,16
417,-0.4215,Wed Mar 21 00:44:50 +0000 2018,0.123,0.877,nytimes,0.0,"RT @NYTNational: The Austin police responded to a reported explosion and injury at a strip mall on Tuesday evening, apparently the 7th bomb‚Ä¶",17
418,-0.3412,Wed Mar 21 00:32:03 +0000 2018,0.107,0.893,nytimes,0.0,"A longtime analyst for Fox News is leaving the network, saying he could not ‚Äúin good conscience‚Äù remain with an org‚Ä¶ https://t.co/DR3F5AlHrl",18
419,0.0,Wed Mar 21 00:17:04 +0000 2018,0.0,1.0,nytimes,0.0,RT @nytopinion: President Trump has publicly gone after almost every category of person imaginable. But not Stormy Daniels. Why? https://t.‚Ä¶,19
420,0.0,Wed Mar 21 00:02:05 +0000 2018,0.0,1.0,nytimes,0.0,Keep this page open for Illinois primary election results when they come in https://t.co/6oDUzKQwfC,20
421,0.0,Tue Mar 20 23:47:07 +0000 2018,0.0,1.0,nytimes,0.0,"Education Secretary Betsy DeVos has clashed with staff members over a reorganization plan, which they say she tried‚Ä¶ https://t.co/0z1zuUsuTU",21
422,0.0,Tue Mar 20 23:32:05 +0000 2018,0.0,1.0,nytimes,0.0,"How researchers learned to use Facebook ""likes"" to sway your thinking https://t.co/2F4xre9ubW",22
423,0.0,Tue Mar 20 23:17:05 +0000 2018,0.0,1.0,nytimes,0.0,"RT @sahiltner: In the mid 1950s, Mepkin Abbey, a Trappist monastery in South Carolina, was brimming with monks ‚Äî 55 at its peak. Today, onl‚Ä¶",23
424,0.0,Tue Mar 20 23:02:05 +0000 2018,0.0,1.0,nytimes,0.0,One NYT reader's reaction to dogs attending a screening of Wes Anderson's new movie about dogs‚Ä¶ https://t.co/jIBdEeW2zk,24
425,0.0,Tue Mar 20 22:47:03 +0000 2018,0.0,1.0,nytimes,0.0,Evening Briefing: Here's what you need to know at the end of the day https://t.co/ohrdsqS81Y,25
426,-0.4404,Tue Mar 20 22:32:06 +0000 2018,0.108,0.892,nytimes,0.0,"‚ÄúPlease buy it for your children, buy it for any child you know or buy it because you know it would annoy Mike Penc‚Ä¶ https://t.co/X8k7ZhUZnU",26
427,0.34,Tue Mar 20 22:17:05 +0000 2018,0.0,0.902,nytimes,0.098,"At 26, the Cuban artist Belkis Ay√≥n was invited to show at the Venice Biennale in Italy. She was determined to make‚Ä¶ https://t.co/DtLUgMs8TN",27
428,-0.1779,Tue Mar 20 22:02:04 +0000 2018,0.093,0.844,nytimes,0.062,"Schools will be closed tomorrow in New York City, the mayor said, in anticipation of a storm projected to drop a fo‚Ä¶ https://t.co/Ynso9dr7fp",28
429,-0.5574,Tue Mar 20 21:47:06 +0000 2018,0.217,0.783,nytimes,0.0,"Munich prosecutors have raided BMW's headquarters, looking for evidence of possible emissions cheating https://t.co/gkN30cFsHi",29
430,0.0,Tue Mar 20 21:38:03 +0000 2018,0.0,1.0,nytimes,0.0,RT @PamelaPaulNYT: This is the story of a little gay bunny. https://t.co/qtlugDsWpt,30
431,0.0772,Tue Mar 20 21:26:06 +0000 2018,0.0,0.925,nytimes,0.075,Want to dine with major-league baseball players? Go to this supermarket cafeteria. (Order the stewed oxtail.) https://t.co/9Qa5ePQKJo,31
432,0.2732,Tue Mar 20 21:10:03 +0000 2018,0.08,0.76,nytimes,0.16,A former Playboy model who says she had an affair with Donald Trump is suing to be freed from a 2016 legal deal req‚Ä¶ https://t.co/v2h3GgTK3A,32
433,0.0,Tue Mar 20 20:55:09 +0000 2018,0.0,1.0,nytimes,0.0,"Slammed in September by Hurricanes Irma and Maria, this lush, wild bit of Puerto Rico is still recovering https://t.co/2UXI4pxU1Z",33
434,0.1779,Tue Mar 20 20:40:07 +0000 2018,0.0,0.914,nytimes,0.086,"Growing hops for beer is resource-intensive, and farmers can‚Äôt keep up. So scientists engineered yeast that can hel‚Ä¶ https://t.co/wz43aA0qcy",34
435,-0.5574,Tue Mar 20 20:25:03 +0000 2018,0.175,0.825,nytimes,0.0,Peter G. Peterson has died at 91. The billionaire financier and philanthropist combined a spectacular career in ind‚Ä¶ https://t.co/NXeVRJCS52,35
436,-0.7269,Tue Mar 20 20:18:08 +0000 2018,0.243,0.757,nytimes,0.0,"""When I deployed to Iraq in 2003, there was no war. We had to start it,"" a former Marine Corps tanker writes https://t.co/afxjBT5yZe",36
437,0.0,Tue Mar 20 20:08:04 +0000 2018,0.0,1.0,nytimes,0.0,"Ben Carson on the $31,000 dining room set: ""I left it to my wife, you know, to choose something"" https://t.co/M2Xy9eqfUW",37
438,0.0,Tue Mar 20 19:58:04 +0000 2018,0.0,1.0,nytimes,0.0,"RT @ByJamesWagner: On a supermarket and cafeteria that has fed many Mets players over the years, and provided much more: https://t.co/7Z3hd‚Ä¶",38
439,0.0,Tue Mar 20 19:48:02 +0000 2018,0.0,1.0,nytimes,0.0,Melania Trump wants to end cyberbullying. Here are the times her husband's behavior on Twitter has clashed with tha‚Ä¶ https://t.co/VTEVKENZOm,39
440,-0.4767,Tue Mar 20 19:46:55 +0000 2018,0.147,0.853,nytimes,0.0,"Cambridge Analytica, the data firm with ties to the Trump campaign, suspended its CEO as regulators investigate its‚Ä¶ https://t.co/bUeKs74kcZ",40
441,0.0,Tue Mar 20 19:38:26 +0000 2018,0.0,1.0,nytimes,0.0,RT @NYTScience: Humans interbred with Neanderthals. Migrants from what is now Taiwan settled much of the remote Pacific. Once we knew littl‚Ä¶,41
442,0.5719,Tue Mar 20 19:28:06 +0000 2018,0.0,0.773,nytimes,0.227,"President Trump welcomed Saudi Arabia‚Äôs crown prince to the White House, reaffirming his endorsement of an ambitiou‚Ä¶ https://t.co/i9PoQGBqNr",42
443,-0.34,Tue Mar 20 19:19:51 +0000 2018,0.264,0.569,nytimes,0.167,"Great Mills High School shooting updates:
‚Ä¢ The suspect, Austin Wyatt Rollins, 17, was confirmed dead
‚Ä¢ 16-year-old‚Ä¶ https://t.co/Fb2juqoZBU",43
444,-0.8934,Tue Mar 20 19:18:05 +0000 2018,0.416,0.584,nytimes,0.0,The Minneapolis police officer who fatally shot an Australian woman last summer has been charged with murder https://t.co/ekXNYDvhch,44
445,-0.6997,Tue Mar 20 19:08:05 +0000 2018,0.347,0.653,nytimes,0.0,"RT @nytgraphics: How a self-driving Uber killed a pedestrian in Arizona.
https://t.co/Lkpqvmwfmu",45
446,0.0,Tue Mar 20 18:58:06 +0000 2018,0.0,1.0,nytimes,0.0,Authorities are scrambling for clues that could connect a package that exploded in San Antonio to the explosions in‚Ä¶ https://t.co/vDdsdRmsxK,46
447,0.0,Tue Mar 20 18:52:42 +0000 2018,0.0,1.0,nytimes,0.0,This is a story about dogs at the movies https://t.co/8afzOXv0C1 https://t.co/U6jURj2LPl,47
448,-0.3182,Tue Mar 20 18:48:05 +0000 2018,0.133,0.867,nytimes,0.0,A California law that requires ‚Äúcrisis pregnancy centers‚Äù to provide information about abortion met a skeptical rec‚Ä¶ https://t.co/rebHavwlUR,48
449,0.0772,Tue Mar 20 18:38:03 +0000 2018,0.0,0.942,nytimes,0.058,"RT @nytimesworld: As the number of mountaineers winding through the Everest region has multiplied, so has the trash ‚Äî beer bottles, food ca‚Ä¶",49
450,0.2732,Tue Mar 20 18:28:05 +0000 2018,0.0,0.89,nytimes,0.11,RT @nytopinion: Running across a person who had committed genocide was always a possibility in Argentina in the 1990s https://t.co/5RTwC8va‚Ä¶,50
451,0.4215,Tue Mar 20 18:18:04 +0000 2018,0.0,0.859,nytimes,0.141,"If you liked Kim Kardashian on Facebook, researchers can tell how extroverted (very), conscientious (more than most‚Ä¶ https://t.co/Cj11Mh00Kf",51
452,-0.7184,Tue Mar 20 18:08:21 +0000 2018,0.28,0.72,nytimes,0.0,"Cynthia Nixon, on her first full day as a candidate, wasted no time in confronting Gov. Cuomo in sharp and personal‚Ä¶ https://t.co/dAknK25Uvi",52
453,0.2263,Tue Mar 20 17:58:03 +0000 2018,0.068,0.821,nytimes,0.111,"A Trump administration proposal would limit the ability of the U.S., Mexico and Canada to warn consumers about the‚Ä¶ https://t.co/EcOckxj3e3",53
454,-0.5267,Tue Mar 20 17:48:02 +0000 2018,0.134,0.866,nytimes,0.0,"RT @nytimesarts: The story of ""Roxanne's Revenge"" and Roxanne Shant√©, who paved the way for Foxy Brown, Lil' Kim, Cardi B and others https:‚Ä¶",54
455,0.0,Tue Mar 20 17:41:09 +0000 2018,0.0,1.0,nytimes,0.0,RT @jimrutenberg: EXCLUSIVE/BREAKING: Former Playboy model Karen McDougal sues to get out of ‚Äúcatch and kill‚Äù deal with National Enquirer p‚Ä¶,55
456,0.2732,Tue Mar 20 17:35:50 +0000 2018,0.083,0.751,nytimes,0.166,A former Playboy model who claimed she had an affair with Donald Trump is suing to be freed from a 2016 legal deal‚Ä¶ https://t.co/0aeHzdcgS8,56
457,-0.1027,Tue Mar 20 17:32:06 +0000 2018,0.091,0.909,nytimes,0.0,Their pay has stood still. Now Oklahoma teachers could be the next to walk. https://t.co/vCjft7hP9f,57
458,-0.5267,Tue Mar 20 17:22:07 +0000 2018,0.139,0.861,nytimes,0.0,An NYC agency has documented every instance it believes it has caught an police officer lying. But of the 81 cases‚Ä¶ https://t.co/DsQTOBOveR,58
459,0.4939,Tue Mar 20 17:06:41 +0000 2018,0.0,0.842,nytimes,0.158,"Breaking News: President Trump called Vladimir Putin to congratulate him for his re-election victory, days after th‚Ä¶ https://t.co/OlTzbOBXZ6",59
460,0.101,Tue Mar 20 17:02:05 +0000 2018,0.097,0.792,nytimes,0.111,"RT @jeligon: ‚ÄúOne of the most popular liberal post-racial ideas is the idea that the fundamental problem is class and not race, and clearly‚Ä¶",60
461,-0.34,Tue Mar 20 16:55:48 +0000 2018,0.244,0.602,nytimes,0.154,"‚Ä¢ The shooting suspect in the Great Mills high school shooting has been confirmed dead.
‚Ä¢ Two students were injured‚Ä¶ https://t.co/pvsZWuCHWZ",61
462,0.0,Tue Mar 20 16:52:05 +0000 2018,0.0,1.0,nytimes,0.0,Mississippi's governor is expected to pick the state's agricultural commissioner ‚Äî who would be the first woman to‚Ä¶ https://t.co/w8trN1KI4m,62
463,0.0,Tue Mar 20 16:42:04 +0000 2018,0.0,1.0,nytimes,0.0,"Next month, the U.S. economic recovery will become the second-longest on record. Here's how it might end. https://t.co/2mLbMtzQCy",63
464,0.3612,Tue Mar 20 16:32:05 +0000 2018,0.0,0.783,nytimes,0.217,Are you ready to quit Facebook? (From March 2017) https://t.co/AJ0vqx0nui,64
465,-0.1531,Tue Mar 20 16:22:24 +0000 2018,0.088,0.846,nytimes,0.065,"Larry Kwong, the NHL's first player of Asian descent, has died at 94. He played only one game in 1948, but that was‚Ä¶ https://t.co/h5RRO4pGmH",65
466,0.0,Tue Mar 20 16:12:05 +0000 2018,0.0,1.0,nytimes,0.0,"Canada's outdoor rinks are melting. And with them, so is a way of life. https://t.co/lilvF3C3kS",66
467,-0.2732,Tue Mar 20 16:02:04 +0000 2018,0.084,0.916,nytimes,0.0,RT @nytlizrobbins: Is he New York state's Joe Arpaio? A lone New York sheriff signs up to aid immigration crackdown. He says it's for publi‚Ä¶,67
468,0.296,Tue Mar 20 15:52:08 +0000 2018,0.113,0.721,nytimes,0.167,"La Borinque√±a, a Puerto Rican heroine, will be fighting alongside Wonder Woman, Batman, Superman and other DC Comic‚Ä¶ https://t.co/gXwfwlBS3T",68
469,-0.5106,Tue Mar 20 15:42:03 +0000 2018,0.136,0.864,nytimes,0.0,"RT @nytpolitics: Ben Carson told a House committee he failed to adhere to a federal spending cap for the purchase of a $31,000 mahogany din‚Ä¶",69
470,0.0,Tue Mar 20 15:38:33 +0000 2018,0.0,1.0,nytimes,0.0,"Ben Carson said the purchase of a $31,000 dining room set for his office wasn't about decoration. It was about safe‚Ä¶ https://t.co/ZLE7c2NQuY",70
471,-0.5574,Tue Mar 20 15:32:04 +0000 2018,0.153,0.847,nytimes,0.0,"Andrew McCabe, the former FBI deputy director, was fired late Friday night ‚Äî on the eve of his retirement. Here‚Äôs w‚Ä¶ https://t.co/g8NhNgTWtL",71
472,-0.5574,Tue Mar 20 15:22:05 +0000 2018,0.175,0.825,nytimes,0.0,The last male northern white rhino in the world has died. Just 2 northern white rhinos now remain. https://t.co/iGPYGlACEH,72
473,0.0,Tue Mar 20 15:19:35 +0000 2018,0.0,1.0,nytimes,0.0,"Meet Nemo and Mickey, the beagles who hunt bedbugs for NYC's Department of Housing Preservation and Development‚Ä¶ https://t.co/6pDggDt2Im",73
474,-0.5574,Tue Mar 20 15:12:05 +0000 2018,0.146,0.854,nytimes,0.0,"""I didn't even know what tuberculosis was,"" one woman said. ""Then my mother died and because nobody in my family ha‚Ä¶ https://t.co/H5y5h3iA74",74
475,-0.0516,Tue Mar 20 15:02:04 +0000 2018,0.173,0.663,nytimes,0.163,The Federal Trade Commission is investigating whether Facebook violated an agreement on data privacy https://t.co/WTUVDrck2a,75
476,0.5994,Tue Mar 20 15:02:04 +0000 2018,0.0,0.786,nytimes,0.214,RT @UpshotNYT: What recent special elections can and can't tell us about prospects for Democrats in the 2018 midterms. https://t.co/IvyvHVo‚Ä¶,76
477,0.3612,Tue Mar 20 14:52:05 +0000 2018,0.0,0.884,nytimes,0.116,"New York is getting ready for yet another major snowstorm, just in time for the first day of spring https://t.co/zaiixeU3IV",77
478,0.34,Tue Mar 20 14:42:03 +0000 2018,0.0,0.893,nytimes,0.107,"RT @NYTSports: ‚ÄúThis is the real March Madness.‚Äù 32 teams, seven days and one shared hotel. It's the @NAIA tournament. https://t.co/jmeABGb‚Ä¶",78
479,-0.4767,Tue Mar 20 14:40:08 +0000 2018,0.147,0.853,nytimes,0.0,"Your daily @DealBook Briefing: 

‚Ä¢ Facebook had a terrible day.

‚Ä¢ So did Uber.

‚Ä¢ Leaders at the G-20 summit are s‚Ä¶ https://t.co/pA9s2WtIhM",79
480,0.34,Tue Mar 20 14:33:17 +0000 2018,0.161,0.595,nytimes,0.244,"3 people were injured in a high school shooting in Great Mills, Maryland https://t.co/KhSQHiGmvW",80
481,-0.2732,Tue Mar 20 14:32:06 +0000 2018,0.116,0.884,nytimes,0.0,Nigerian officials had been warned that Boko Haram militants were approaching before 110 schoolgirls were kidnapped‚Ä¶ https://t.co/3EzNLJixMI,81
482,0.0,Tue Mar 20 14:22:02 +0000 2018,0.0,1.0,nytimes,0.0,Facebook‚Äôs open platform for apps helped it grow. But it has become a privacy nightmare. https://t.co/00Y2uFFUH3,82
483,0.0,Tue Mar 20 14:10:31 +0000 2018,0.0,1.0,nytimes,0.0,"In Opinion¬†

The Editorial Board writes: Lawmakers and regulators need to force Facebook to quickly identify and al‚Ä¶ https://t.co/Tyw2AIc5K2",83
484,0.0,Tue Mar 20 14:00:28 +0000 2018,0.0,1.0,nytimes,0.0,Morning Briefing: Here's what you need to know to start your day https://t.co/SWJ1ymff77 https://t.co/DSPkK8sSdL,84
485,-0.4939,Tue Mar 20 13:46:07 +0000 2018,0.151,0.849,nytimes,0.0,Experts fear that Venezuela is teetering on the brink of a tuberculosis epidemic that could spill over its borders‚Ä¶ https://t.co/zqYZEWeISP,85
486,0.0,Tue Mar 20 13:30:06 +0000 2018,0.0,1.0,nytimes,0.0,What we know about the bombings and explosions in Austin and San Antonio https://t.co/TOvCv2aqTe https://t.co/n7sDDSlH8j,86
487,0.0,Tue Mar 20 13:17:05 +0000 2018,0.0,1.0,nytimes,0.0,A package that exploded at a FedEx center near San Antonio was addressed to Austin and was believed to be connected‚Ä¶ https://t.co/Vzaq1ejguz,87
488,-0.7269,Tue Mar 20 13:00:11 +0000 2018,0.243,0.757,nytimes,0.0,"""When I deployed to Iraq in 2003, there was no war. We had to start it,"" a former Marine Corps tanker writes https://t.co/RYFCbhplRc",88
489,-0.2263,Tue Mar 20 12:45:04 +0000 2018,0.113,0.81,nytimes,0.077,The Uber car was in autonomous mode with a human safety driver at the wheel but carrying no passengers when it stru‚Ä¶ https://t.co/I5FryTdFCz,89
490,0.0,Tue Mar 20 12:28:03 +0000 2018,0.0,1.0,nytimes,0.0,"Education Secretary Betsy DeVos has clashed with staff members over a reorganization plan, which they say she tried‚Ä¶ https://t.co/SlIjmhturB",90
491,0.0,Tue Mar 20 12:15:08 +0000 2018,0.0,1.0,nytimes,0.0,"Andrew Cuomo directed the state attorney general to review how the Manhattan district attorney, Cyrus Vance, handle‚Ä¶ https://t.co/BHP29AUBm9",91
492,0.0,Tue Mar 20 12:00:06 +0000 2018,0.0,1.0,nytimes,0.0,Morning Briefing: Here's what you need to know to start your day https://t.co/dUPBGiOjj1 https://t.co/vkuvAEbjDz,92
493,0.25,Tue Mar 20 11:50:08 +0000 2018,0.0,0.889,nytimes,0.111,"In¬†Opinion

Op-Ed columnist @michelleinbklyn writes: ""If the Trump campaign had a social media advantage, one reaso‚Ä¶ https://t.co/uza16auFHK",93
494,0.1451,Tue Mar 20 11:39:04 +0000 2018,0.105,0.765,nytimes,0.13,"""Thanks to Britain, they've ensured a level of turnout we weren't hoping to achieve by ourselves."" Russia has credi‚Ä¶ https://t.co/6vZ9ZGFnhB",94
495,0.5809,Tue Mar 20 11:30:07 +0000 2018,0.072,0.701,nytimes,0.227,"""The company regrets that it cannot undo the damage Harvey Weinstein caused, but hopes that today's events will mar‚Ä¶ https://t.co/RAclA0ufYj",95
496,0.4754,Tue Mar 20 11:20:08 +0000 2018,0.0,0.808,nytimes,0.192,A look at how the most powerful man in Russia is staying that way https://t.co/FfeEbyu00E,96
497,0.296,Tue Mar 20 11:11:05 +0000 2018,0.0,0.879,nytimes,0.121,"Steven Mnuchin: ""The objective is not to put tariffs on everybody but to solve the issue"" https://t.co/VErv4gPvSS",97
498,0.3818,Tue Mar 20 11:00:04 +0000 2018,0.0,0.885,nytimes,0.115,"President Trump has weighed aloud in recent days to close associates whether to dismiss his lawyer Ty Cobb, who had‚Ä¶ https://t.co/Ca6ekto0ZX",98
499,0.4215,Tue Mar 20 10:44:03 +0000 2018,0.0,0.877,nytimes,0.123,"In Opinion 

Op-Ed contributor Sinan Antoon writes: ""The invasion of Iraq is often spoken of in the United States a‚Ä¶ https://t.co/ulyJNeBDLY",99
